Draft_Position,Name,TEAM,POS,value,Team,playerid,url,xpath,xpathIP_PA,Status,New_Position
24,Trea Turner,Wsh,SS,$30,The Fireballing Five,16252,http://www.fangraphs.com/statss.aspx?playerid=16252&position=SS,"//*[@id=""SeasonStats1_dgSeason11_ctl00__23""]/td[21]","//*[@id=""SeasonStats1_dgSeason11_ctl00__23""]/td[4]",Starter,
37,Max Scherzer,Wsh,SP,$40,The Fireballing Five,3137,http://www.fangraphs.com/statss.aspx?playerid=3137&position=P,"//*[@id=""SeasonStats1_dgSeason11_ctl00__38""]/td[19]","//*[@id=""SeasonStats1_dgSeason11_ctl00__38""]/td[8]",Starter,
52,Garrett Richards,LAA,SP,$12,The Fireballing Five,9784,http://www.fangraphs.com/statss.aspx?playerid=9784&position=P,"//*[@id=""SeasonStats1_dgSeason11_ctl00__28""]/td[19]","//*[@id=""SeasonStats1_dgSeason11_ctl00__28""]/td[8]",Starter,
58,Jacob deGrom,NYM,SP,$23,The Fireballing Five,10954,http://www.fangraphs.com/statss.aspx?playerid=10954&position=P,"//*[@id=""SeasonStats1_dgSeason11_ctl00__23""]/td[19]","//*[@id=""SeasonStats1_dgSeason11_ctl00__23""]/td[8]",Starter,
59,Noah Syndergaard,NYM,SP,$25,The Fireballing Five,11762,http://www.fangraphs.com/statss.aspx?playerid=11762&position=P,"//*[@id=""SeasonStats1_dgSeason11_ctl00__26""]/td[19]","//*[@id=""SeasonStats1_dgSeason11_ctl00__26""]/td[8]",Starter,
62,Luis Severino,NYY,SP,$23,The Fireballing Five,15890,http://www.fangraphs.com/statss.aspx?playerid=15890&position=P,"//*[@id=""SeasonStats1_dgSeason11_ctl00__24""]/td[19]","//*[@id=""SeasonStats1_dgSeason11_ctl00__24""]/td[8]",Starter,
95,Robbie Ray,Ari,SP,$16,The Fireballing Five,11486,http://www.fangraphs.com/statss.aspx?playerid=11486&position=P,"//*[@id=""SeasonStats1_dgSeason11_ctl00__24""]/td[19]","//*[@id=""SeasonStats1_dgSeason11_ctl00__24""]/td[8]",Starter,
105,Andrew Benintendi,Bos,OF,$19,The Fireballing Five,17901,http://www.fangraphs.com/statss.aspx?playerid=17901&position=OF,"//*[@id=""SeasonStats1_dgSeason11_ctl00__17""]/td[21]","//*[@id=""SeasonStats1_dgSeason11_ctl00__17""]/td[4]",Starter,
107,Andrew McCutchen,SF,OF,$14,The Fireballing Five,9847,http://www.fangraphs.com/statss.aspx?playerid=9847&position=OF,"//*[@id=""SeasonStats1_dgSeason11_ctl00__34""]/td[21]","//*[@id=""SeasonStats1_dgSeason11_ctl00__34""]/td[4]",Starter,
122,Greg Bird,NYY,1B,$8,The Fireballing Five,14131,https://www.fangraphs.com/statss.aspx?playerid=14131&position=1B,"//*[@id=""SeasonStats1_dgSeason11_ctl00__13""]/td[21]","//*[@id=""SeasonStats1_dgSeason11_ctl00__13""]/td[4]",Bench,
128,Miguel Sano,Min,3B,$6,The Fireballing Five,12164,http://www.fangraphs.com/statss.aspx?playerid=12164&position=3B/DH,"//*[@id=""SeasonStats1_dgSeason11_ctl00__21""]/td[21]","//*[@id=""SeasonStats1_dgSeason11_ctl00__21""]/td[4]",Starter,
146,Carlos Santana,Phi,1B,$5,The Fireballing Five,2396,http://www.fangraphs.com/statss.aspx?playerid=2396&position=C/1B,"//*[@id=""SeasonStats1_dgSeason11_ctl00__35""]/td[21]","//*[@id=""SeasonStats1_dgSeason11_ctl00__35""]/td[4]",Starter,
152,Josh Bell,Pit,1B,$3,The Fireballing Five,13145,http://www.fangraphs.com/statss.aspx?playerid=13145&position=1B,"//*[@id=""SeasonStats1_dgSeason11_ctl00__18""]/td[21]","//*[@id=""SeasonStats1_dgSeason11_ctl00__18""]/td[4]",Starter,
171,Chris Davis,Bal,1B,$4,The Fireballing Five,9272,http://www.fangraphs.com/statss.aspx?playerid=9272&position=1B,"//*[@id=""SeasonStats1_dgSeason11_ctl00__43""]/td[21]","//*[@id=""SeasonStats1_dgSeason11_ctl00__43""]/td[4]",Bench,
184,Delino DeShields,Tex,OF,$2,The Fireballing Five,11379,https://www.fangraphs.com/statss.aspx?playerid=11379&position=OF,"//*[@id=""SeasonStats1_dgSeason11_ctl00__24""]/td[21]","//*[@id=""SeasonStats1_dgSeason11_ctl00__24""]/td[4]",Starter,
193,Gregory Polanco,Pit,OF,$2,The Fireballing Five,12907,http://www.fangraphs.com/statss.aspx?playerid=12907&position=OF,"//*[@id=""SeasonStats1_dgSeason11_ctl00__25""]/td[21]","//*[@id=""SeasonStats1_dgSeason11_ctl00__25""]/td[4]",Starter,
194,Javier Baez,ChC,SS,$3,The Fireballing Five,12979,http://www.fangraphs.com/statss.aspx?playerid=12979&position=2B/SS,"//*[@id=""SeasonStats1_dgSeason11_ctl00__28""]/td[21]","//*[@id=""SeasonStats1_dgSeason11_ctl00__28""]/td[4]",Starter,
195,Mitch Haniger,Sea,OF,$4,The Fireballing Five,14274,http://www.fangraphs.com/statss.aspx?playerid=14274&position=OF,"//*[@id=""SeasonStats1_dgSeason11_ctl00__22""]/td[21]","//*[@id=""SeasonStats1_dgSeason11_ctl00__22""]/td[4]",Starter,
205,Joe Musgrove,Pit,SP,$1,The Fireballing Five,12970,http://www.fangraphs.com/statss.aspx?playerid=12970&position=P,"//*[@id=""SeasonStats1_dgSeason11_ctl00__14""]/td[19]","//*[@id=""SeasonStats1_dgSeason11_ctl00__14""]/td[8]",Starter,
207,Sean Newcomb,Atl,SP,$2,The Fireballing Five,16943,https://www.fangraphs.com/statss.aspx?playerid=16943&position=P,"//*[@id=""SeasonStats1_dgSeason11_ctl00__16""]/td[19]","//*[@id=""SeasonStats1_dgSeason11_ctl00__16""]/td[8]",Starter,
210,Brian McCann,Hou,C,$3,The Fireballing Five,4810,http://www.fangraphs.com/statss.aspx?playerid=4810&position=C,"//*[@id=""SeasonStats1_dgSeason11_ctl00__45""]/td[21]","//*[@id=""SeasonStats1_dgSeason11_ctl00__45""]/td[4]",Starter,
220,Tyler Chatwood,ChC,SP,$2,The Fireballing Five,4338,http://www.fangraphs.com/statss.aspx?playerid=4338&position=P,"//*[@id=""SeasonStats1_dgSeason11_ctl00__31""]/td[19]","//*[@id=""SeasonStats1_dgSeason11_ctl00__31""]/td[8]",Starter,
227,Dinelson Lamet,SD,SP,$3,The Fireballing Five,17186,https://www.fangraphs.com/statss.aspx?playerid=17186&position=P,"//*[@id=""SeasonStats1_dgSeason11_ctl00__6""]/td[19]","//*[@id=""SeasonStats1_dgSeason11_ctl00__6""]/td[4]",Bench,
237,Ketel Marte,Ari,SS,$3,The Fireballing Five,13613,https://www.fangraphs.com/statss.aspx?playerid=13613&position=SS,"//*[@id=""SeasonStats1_dgSeason11_ctl00__27""]/td[21]","//*[@id=""SeasonStats1_dgSeason11_ctl00__27""]/td[4]",Starter,
247,James McCann,Det,C,$1,The Fireballing Five,12859,http://www.fangraphs.com/statss.aspx?playerid=12859&position=C,"//*[@id=""SeasonStats1_dgSeason11_ctl00__22""]/td[21]","//*[@id=""SeasonStats1_dgSeason11_ctl00__22""]/td[4]",Starter,
253,Bradley Zimmer,Cle,OF,$2,The Fireballing Five,16221,https://www.fangraphs.com/statss.aspx?playerid=16221&position=OF,"//*[@id=""SeasonStats1_dgSeason11_ctl00__16""]/td[21]","//*[@id=""SeasonStats1_dgSeason11_ctl00__16""]/td[4]",Bench,
255,Tanner Roark,Wsh,SP,$8,The Fireballing Five,8753,http://www.fangraphs.com/statss.aspx?playerid=8753&position=P,"//*[@id=""SeasonStats1_dgSeason11_ctl00__30""]/td[19]","//*[@id=""SeasonStats1_dgSeason11_ctl00__30""]/td[8]",Starter,
257,Mike Clevinger,Cle,SP,$6,The Fireballing Five,12808,https://www.fangraphs.com/statss.aspx?playerid=12808&position=P,"//*[@id=""SeasonStats1_dgSeason11_ctl00__23""]/td[19]","//*[@id=""SeasonStats1_dgSeason11_ctl00__23""]/td[8]",Starter,
267,Mike Foltynewicz,Atl,SP,$1,The Fireballing Five,10811,http://www.fangraphs.com/statss.aspx?playerid=10811&position=P,"//*[@id=""SeasonStats1_dgSeason11_ctl00__23""]/td[19]","//*[@id=""SeasonStats1_dgSeason11_ctl00__23""]/td[8]",Bench,
276,Trevor Williams,Pit,SP,$1,The Fireballing Five,16977,https://www.fangraphs.com/statss.aspx?playerid=16977&position=P,"//*[@id=""SeasonStats1_dgSeason11_ctl00__19""]/td[19]","//*[@id=""SeasonStats1_dgSeason11_ctl00__19""]/td[8]",Starter,
3,Corey Kluber,Cle,SP,$41,Team Martin,2429,http://www.fangraphs.com/statss.aspx?playerid=2429&position=P,"//*[@id=""SeasonStats1_dgSeason11_ctl00__35""]/td[19]","//*[@id=""SeasonStats1_dgSeason11_ctl00__35""]/td[8]",Starter,
7,Mookie Betts,Bos,OF,$43,Team Martin,13611,http://www.fangraphs.com/statss.aspx?playerid=13611&position=OF,"//*[@id=""SeasonStats1_dgSeason11_ctl00__24""]/td[21]","//*[@id=""SeasonStats1_dgSeason11_ctl00__24""]/td[4]",Starter,
13,Nolan Arenado,Col,3B,$35,Team Martin,9777,http://www.fangraphs.com/statss.aspx?playerid=9777&position=3B,"//*[@id=""SeasonStats1_dgSeason11_ctl00__24""]/td[21]","//*[@id=""SeasonStats1_dgSeason11_ctl00__24""]/td[4]",Starter,
16,Chris Sale,Bos,SP,$40,Team Martin,10603,http://www.fangraphs.com/statss.aspx?playerid=10603&position=P,"//*[@id=""SeasonStats1_dgSeason11_ctl00__27""]/td[19]","//*[@id=""SeasonStats1_dgSeason11_ctl00__27""]/td[8]",Starter,
38,Jose Ramirez,Cle,2B,$29,Team Martin,13510,http://www.fangraphs.com/statss.aspx?playerid=13510&position=2B/3B,"//*[@id=""SeasonStats1_dgSeason11_ctl00__25""]/td[21]","//*[@id=""SeasonStats1_dgSeason11_ctl00__25""]/td[4]",Starter,
70,Xander Bogaerts,Bos,SS,$14,Team Martin,12161,http://www.fangraphs.com/statss.aspx?playerid=12161&position=SS,"//*[@id=""SeasonStats1_dgSeason11_ctl00__27""]/td[21]","//*[@id=""SeasonStats1_dgSeason11_ctl00__27""]/td[4]",Starter,
84,Edwin Encarnacion,Cle,1B,$12,Team Martin,2151,http://www.fangraphs.com/statss.aspx?playerid=2151&position=3B/DH,"//*[@id=""SeasonStats1_dgSeason11_ctl00__45""]/td[21]","//*[@id=""SeasonStats1_dgSeason11_ctl00__45""]/td[4]",Starter,
123,Elvis Andrus,Tex,SS,$8,Team Martin,8709,http://www.fangraphs.com/statss.aspx?playerid=8709&position=SS,"//*[@id=""SeasonStats1_dgSeason11_ctl00__34""]/td[21]"," //*[@id=""SeasonStats1_dgSeason11_ctl00__34""]/td[4]",Starter,
129,Edwin Diaz,Sea,RP,$1,Team Martin,14710,http://www.fangraphs.com/statss.aspx?playerid=14710&position=P,"//*[@id=""SeasonStats1_dgSeason11_ctl00__17""]/td[19]","//*[@id=""SeasonStats1_dgSeason11_ctl00__17""]/td[8]",Bench,
142,Austin Barnes,LAD,C,$4,Team Martin,12158,https://www.fangraphs.com/statss.aspx?playerid=12158&position=C/2B,"//*[@id=""SeasonStats1_dgSeason11_ctl00__23""]/td[21]","//*[@id=""SeasonStats1_dgSeason11_ctl00__23""]/td[4]",Starter,
144,Eduardo Nunez,Bos,2B,$7,Team Martin,6848,http://www.fangraphs.com/statss.aspx?playerid=6848&position=3B/SS,"//*[@id=""SeasonStats1_dgSeason11_ctl00__48""]/td[21]","//*[@id=""SeasonStats1_dgSeason11_ctl00__48""]/td[4]",Starter,OF
155,Adrian Beltre,Tex,3B,$5,Team Martin,639,http://www.fangraphs.com/statss.aspx?playerid=639&position=3B,"//*[@id=""SeasonStats1_dgSeason11_ctl00__53""]/td[21]","//*[@id=""SeasonStats1_dgSeason11_ctl00__53""]/td[4]",Starter,
161,Adam Jones,Bal,OF,$4,Team Martin,6368,http://www.fangraphs.com/statss.aspx?playerid=6368&position=OF,"//*[@id=""SeasonStats1_dgSeason11_ctl00__36""]/td[21]","//*[@id=""SeasonStats1_dgSeason11_ctl00__36""]/td[4]",Starter,
162,Trey Mancini,Bal,1B,$1,Team Martin,15149,https://www.fangraphs.com/statss.aspx?playerid=15149&position=1B/OF,"//*[@id=""SeasonStats1_dgSeason11_ctl00__18""]/td[21]","//*[@id=""SeasonStats1_dgSeason11_ctl00__18""]/td[4]",Starter,
165,Luis Castillo,Cin,SP,$7,Team Martin,15689,https://www.fangraphs.com/statss.aspx?playerid=15689&position=P,"//*[@id=""SeasonStats1_dgSeason11_ctl00__17""]/td[19]","//*[@id=""SeasonStats1_dgSeason11_ctl00__17""]/td[8]",Starter,
173,Lucas Giolito,CWS,SP,$3,Team Martin,15474,http://www.fangraphs.com/statss.aspx?playerid=15474&position=P,"//*[@id=""SeasonStats1_dgSeason11_ctl00__21""]/td[19]","//*[@id=""SeasonStats1_dgSeason11_ctl00__21""]/td[8]",Starter,
175,Johnny Cueto,SF,SP,$5,Team Martin,6893,http://www.fangraphs.com/statss.aspx?playerid=6893&position=P,"//*[@id=""SeasonStats1_dgSeason11_ctl00__43""]/td[19]","//*[@id=""SeasonStats1_dgSeason11_ctl00__43""]/td[8]",Starter,
196,Max Kepler,Min,OF,$3,Team Martin,12144,http://www.fangraphs.com/statss.aspx?playerid=12144&position=OF,"//*[@id=""SeasonStats1_dgSeason11_ctl00__22""]/td[21]","//*[@id=""SeasonStats1_dgSeason11_ctl00__22""]/td[4]",Starter,
216,Hyun-Jin Ryu,LAD,SP,$2,Team Martin,14444,https://www.fangraphs.com/statss.aspx?playerid=14444&position=P,"//*[@id=""SeasonStats1_dgSeason11_ctl00__18""]/td[19]","//*[@id=""SeasonStats1_dgSeason11_ctl00__18""]/td[8]",Starter,
217,Ryan Madson,Wsh,RP,$1,Team Martin,1852,http://www.fangraphs.com/statss.aspx?playerid=1852&position=P,"//*[@id=""SeasonStats1_dgSeason11_ctl00__44""]/td[19]","//*[@id=""SeasonStats1_dgSeason11_ctl00__44""]/td[8]",Bench,
228,Ian Kennedy,KC,SP,$1,Team Martin,6986,http://www.fangraphs.com/statss.aspx?playerid=6986&position=P,"//*[@id=""SeasonStats1_dgSeason11_ctl00__39""]/td[19]","//*[@id=""SeasonStats1_dgSeason11_ctl00__39""]/td[8]",Starter,
238,Chad Green,NYY,RP,$1,Team Martin,15552,https://www.fangraphs.com/statss.aspx?playerid=15552&position=P,"//*[@id=""SeasonStats1_dgSeason11_ctl00__19""]/td[19]","//*[@id=""SeasonStats1_dgSeason11_ctl00__19""]/td[8]",Starter,
248,Aaron Sanchez,Tor,SP,$1,Team Martin,11490,http://www.fangraphs.com/statss.aspx?playerid=11490&position=P,"//*[@id=""SeasonStats1_dgSeason11_ctl00__30""]/td[19]","//*[@id=""SeasonStats1_dgSeason11_ctl00__30""]/td[8]",Starter,
268,Chris Devenski,Hou,RP,$1,Team Martin,12763,https://www.fangraphs.com/statss.aspx?playerid=12763&position=P,"//*[@id=""SeasonStats1_dgSeason11_ctl00__20""]/td[19]","//*[@id=""SeasonStats1_dgSeason11_ctl00__20""]/td[8]",Starter,
277,Jake Junis,KC,SP,$1,Team Martin,13619,https://www.fangraphs.com/statss.aspx?playerid=13619&position=P,"//*[@id=""SeasonStats1_dgSeason11_ctl00__17""]/td[19]","//*[@id=""SeasonStats1_dgSeason11_ctl00__17""]/td[8]",Starter,
292,Matt Kemp,LAD,OF,$1,Team Martin,5631,http://www.fangraphs.com/statss.aspx?playerid=5631&position=OF,"//*[@id=""SeasonStats1_dgSeason11_ctl00__43""]/td[21]","//*[@id=""SeasonStats1_dgSeason11_ctl00__43""]/td[4]",Bench,
298,Russell Martin,Tor,C,$1,Team Martin,4616,http://www.fangraphs.com/statss.aspx?playerid=4616&position=C,"//*[@id=""SeasonStats1_dgSeason11_ctl00__41""]/td[21]","//*[@id=""SeasonStats1_dgSeason11_ctl00__41""]/td[4]",Starter,
303,Mitch Moreland,Bos,1B,$1,Team Martin,3086,https://www.fangraphs.com/statss.aspx?playerid=3086&position=1B,"//*[@id=""SeasonStats1_dgSeason11_ctl00__38""]/td[21]","//*[@id=""SeasonStats1_dgSeason11_ctl00__38""]/td[4]",Bench,
307,Tommy Kahnle,NYY,RP,$1,Team Martin,11384,https://www.fangraphs.com/statss.aspx?playerid=11384&position=P,"//*[@id=""SeasonStats1_dgSeason11_ctl00__25""]/td[19]","//*[@id=""SeasonStats1_dgSeason11_ctl00__25""]/td[8]",Starter,
311,Tyler Skaggs,LAA,SP,$1,Team Martin,10190,http://www.fangraphs.com/statss.aspx?playerid=10190&position=P,"//*[@id=""SeasonStats1_dgSeason11_ctl00__32""]/td[19]","//*[@id=""SeasonStats1_dgSeason11_ctl00__32""]/td[8]",Bench,
8,Jose Berrios,Min,SP,$21,Team Arfin,14168,http://www.fangraphs.com/statss.aspx?playerid=14168&position=P,"//*[@id=""SeasonStats1_dgSeason11_ctl00__22""]/td[19]","//*[@id=""SeasonStats1_dgSeason11_ctl00__22""]/td[8]",Starter,
9,Jeff Samardzija,SF,SP,$15,Team Arfin,3254,http://www.fangraphs.com/statss.aspx?playerid=3254&position=P,"//*[@id=""SeasonStats1_dgSeason11_ctl00__40""]/td[19]","//*[@id=""SeasonStats1_dgSeason11_ctl00__40""]/td[8]",Starter,
27,Manny Machado,Bal,3B,$38,Team Arfin,11493,http://www.fangraphs.com/statss.aspx?playerid=11493&position=3B,"//*[@id=""SeasonStats1_dgSeason11_ctl00__27""]/td[21]","//*[@id=""SeasonStats1_dgSeason11_ctl00__27""]/td[4]",Starter,SS
43,George Springer,Hou,OF,$31,Team Arfin,12856,http://www.fangraphs.com/statss.aspx?playerid=12856&position=OF,"//*[@id=""SeasonStats1_dgSeason11_ctl00__25""]/td[21]","//*[@id=""SeasonStats1_dgSeason11_ctl00__25""]/td[4]",Starter,
48,Freddie Freeman,Atl,1B,$27,Team Arfin,5361,http://www.fangraphs.com/statss.aspx?playerid=5361&position=1B,"//*[@id=""SeasonStats1_dgSeason11_ctl00__34""]/td[21]","//*[@id=""SeasonStats1_dgSeason11_ctl00__34""]/td[4]",Starter,
49,Brian Dozier,Min,2B,$23,Team Arfin,9810,http://www.fangraphs.com/statss.aspx?playerid=9810&position=2B,"//*[@id=""SeasonStats1_dgSeason11_ctl00__27""]/td[21]","//*[@id=""SeasonStats1_dgSeason11_ctl00__27""]/td[4]",Starter,
55,James Paxton,Sea,SP,$22,Team Arfin,11828,http://www.fangraphs.com/statss.aspx?playerid=11828&position=P,"//*[@id=""SeasonStats1_dgSeason11_ctl00__26""]/td[19]","//*[@id=""SeasonStats1_dgSeason11_ctl00__26""]/td[8]",Starter,
61,Josh Donaldson,Tor,3B,$32,Team Arfin,5038,http://www.fangraphs.com/statss.aspx?playerid=5038&position=3B,"//*[@id=""SeasonStats1_dgSeason11_ctl00__36""]/td[21]","//*[@id=""SeasonStats1_dgSeason11_ctl00__36""]/td[4]",Starter,
150,Whit Merrifield,KC,2B,$6,Team Arfin,11281,https://www.fangraphs.com/statss.aspx?playerid=11281&position=2B,"//*[@id=""SeasonStats1_dgSeason11_ctl00__21""]/td[21]","//*[@id=""SeasonStats1_dgSeason11_ctl00__21""]/td[4]",Bench,
154,Ender Inciarte,Atl,OF,$5,Team Arfin,4922,http://www.fangraphs.com/statss.aspx?playerid=4922&position=OF,"//*[@id=""SeasonStats1_dgSeason11_ctl00__27""]/td[21]","//*[@id=""SeasonStats1_dgSeason11_ctl00__27""]/td[4]",Starter,
156,Lance Lynn,Min,SP,$3,Team Arfin,2520,http://www.fangraphs.com/statss.aspx?playerid=2520&position=P,"//*[@id=""SeasonStats1_dgSeason11_ctl00__33""]/td[19]","//*[@id=""SeasonStats1_dgSeason11_ctl00__33""]/td[8]",Starter,
158,Salvador Perez,KC,C,$6,Team Arfin,7304,http://www.fangraphs.com/statss.aspx?playerid=7304&position=C,"//*[@id=""SeasonStats1_dgSeason11_ctl00__34""]/td[21]","//*[@id=""SeasonStats1_dgSeason11_ctl00__34""]/td[8]",Starter,
160,Raisel Iglesias,Cin,RP,$2,Team Arfin,17130,http://www.fangraphs.com/statss.aspx?playerid=17130&position=P,"//*[@id=""SeasonStats1_dgSeason11_ctl00__15""]/td[19]","//*[@id=""SeasonStats1_dgSeason11_ctl00__15""]/td[8]",Starter,
168,Jake Lamb,Ari,3B,$6,Team Arfin,13329,http://www.fangraphs.com/statss.aspx?playerid=13329&position=3B,"//*[@id=""SeasonStats1_dgSeason11_ctl00__22""]/td[21]","//*[@id=""SeasonStats1_dgSeason11_ctl00__22""]/td[4]",Starter,
169,David Price,Bos,SP,$7,Team Arfin,3184,http://www.fangraphs.com/statss.aspx?playerid=3184&position=P,"//*[@id=""SeasonStats1_dgSeason11_ctl00__45""]/td[19]","//*[@id=""SeasonStats1_dgSeason11_ctl00__45""]/td[8]",Starter,
174,Jimmy Nelson,Mil,SP,$2,Team Arfin,10547,http://www.fangraphs.com/statss.aspx?playerid=10547&position=P,"//*[@id=""SeasonStats1_dgSeason11_ctl00__15""]/td[19]","//*[@id=""SeasonStats1_dgSeason11_ctl00__15""]/td[8]",Starter,
186,Danny Duffy,KC,SP,$3,Team Arfin,3542,http://www.fangraphs.com/statss.aspx?playerid=3542&position=P,"//*[@id=""SeasonStats1_dgSeason11_ctl00__36""]/td[19]","//*[@id=""SeasonStats1_dgSeason11_ctl00__36""]/td[8]",Starter,
187,CC Sabathia,NYY,SP,$2,Team Arfin,404,https://www.fangraphs.com/statss.aspx?playerid=404&position=P,"//*[@id=""SeasonStats1_dgSeason11_ctl00__54""]/td[19]","//*[@id=""SeasonStats1_dgSeason11_ctl00__54""]/td[8]",Starter,
188,Ronald Acuna,Atl,OF,$3,Team Arfin,18401,https://www.fangraphs.com/statss.aspx?playerid=18401&position=OF,"//*[@id=""SeasonStats1_dgSeason11_ctl00__15""]/td[21]","//*[@id=""SeasonStats1_dgSeason11_ctl00__15""]/td[4]",Starter,
204,Jay Bruce,NYM,OF,$2,Team Arfin,9892,http://www.fangraphs.com/statss.aspx?playerid=9892&position=OF,"//*[@id=""SeasonStats1_dgSeason11_ctl00__42""]/td[21]","//*[@id=""SeasonStats1_dgSeason11_ctl00__42""]/td[4]",Starter,
212,Odubel Herrera,Phi,OF,$2,Team Arfin,11476,http://www.fangraphs.com/statss.aspx?playerid=11476&position=OF,"//*[@id=""SeasonStats1_dgSeason11_ctl00__24""]/td[21]","//*[@id=""SeasonStats1_dgSeason11_ctl00__24""]/td[4]",Starter,
213,Cole Hamels,Tex,SP,$3,Team Arfin,4972,http://www.fangraphs.com/statss.aspx?playerid=4972&position=P,"//*[@id=""SeasonStats1_dgSeason11_ctl00__44""]/td[19]","//*[@id=""SeasonStats1_dgSeason11_ctl00__44""]/td[8]",Starter,
234,Patrick Corbin,Ari,SP,$2,Team Arfin,9323,https://www.fangraphs.com/statss.aspx?playerid=9323&position=P,"//*[@id=""SeasonStats1_dgSeason11_ctl00__25""]/td[19]","//*[@id=""SeasonStats1_dgSeason11_ctl00__25""]/td[8]",Starter,
242,Marco Estrada,Tor,SP,$1,Team Arfin,1118,http://www.fangraphs.com/statss.aspx?playerid=1118&position=P,"//*[@id=""SeasonStats1_dgSeason11_ctl00__43""]/td[19]","//*[@id=""SeasonStats1_dgSeason11_ctl00__43""]/td[8]",Starter,
252,Robinson Chirinos,Tex,C,$1,Team Arfin,3142,https://www.fangraphs.com/statss.aspx?playerid=3142&position=C,"//*[@id=""SeasonStats1_dgSeason11_ctl00__35""]/td[21]","//*[@id=""SeasonStats1_dgSeason11_ctl00__35""]/td[4]",Starter,
262,Marcus Semien,Oak,SS,$3,Team Arfin,12533,http://www.fangraphs.com/statss.aspx?playerid=12533&position=SS,"//*[@id=""SeasonStats1_dgSeason11_ctl00__24""]/td[21]","//*[@id=""SeasonStats1_dgSeason11_ctl00__24""]/td[4]",Bench,
271,Collin McHugh,Hou,SP,$1,Team Arfin,7531,http://www.fangraphs.com/statss.aspx?playerid=7531&position=P,"//*[@id=""SeasonStats1_dgSeason11_ctl00__35""]/td[19]","//*[@id=""SeasonStats1_dgSeason11_ctl00__35""]/td[8]",Bench,
273,Ivan Nova,Pit,SP,$2,Team Arfin,1994,http://www.fangraphs.com/statss.aspx?playerid=1994&position=P,"//*[@id=""SeasonStats1_dgSeason11_ctl00__35""]/td[19]","//*[@id=""SeasonStats1_dgSeason11_ctl00__35""]/td[8]",Bench,
280,Joe Panik,SF,2B,$1,Team Arfin,11936,https://www.fangraphs.com/statss.aspx?playerid=11936&position=2B,"//*[@id=""SeasonStats1_dgSeason11_ctl00__25""]/td[21]","//*[@id=""SeasonStats1_dgSeason11_ctl00__25""]/td[4]",Starter,
288,Jedd Gyorko,StL,3B,$3,Team Arfin,10816,http://www.fangraphs.com/statss.aspx?playerid=10816&position=2B/3B,"//*[@id=""SeasonStats1_dgSeason11_ctl00__27""]/td[21]","//*[@id=""SeasonStats1_dgSeason11_ctl00__27""]/td[4]",Bench,
1,Andrelton Simmons,LAA,SS,$4,Crash Davis' Team,10847,http://www.fangraphs.com/statss.aspx?playerid=10847&position=SS,"//*[@id=""SeasonStats1_dgSeason11_ctl00__26""]/td[21]","//*[@id=""SeasonStats1_dgSeason11_ctl00__26""]/td[4]",Starter,
22,Anthony Rendon,Wsh,3B,$35,Crash Davis' Team,12861,http://www.fangraphs.com/statss.aspx?playerid=12861&position=2B/3B,"//*[@id=""SeasonStats1_dgSeason11_ctl00__29""]/td[21]","//*[@id=""SeasonStats1_dgSeason11_ctl00__29""]/td[4]",Starter,
23,Buster Posey,SF,C,$32,Crash Davis' Team,9166,http://www.fangraphs.com/statss.aspx?playerid=9166&position=C,"//*[@id=""SeasonStats1_dgSeason11_ctl00__34""]/td[21]","//*[@id=""SeasonStats1_dgSeason11_ctl00__34""]/td[4]",Starter,
45,Chris Taylor,LAD,2B,$11,Crash Davis' Team,13757,https://www.fangraphs.com/statss.aspx?playerid=13757&position=SS/OF,"//*[@id=""SeasonStats1_dgSeason11_ctl00__27""]/td[21]","//*[@id=""SeasonStats1_dgSeason11_ctl00__27""]/td[4]",Bench,
63,Shohei Ohtani,LAA,SP,$21,Crash Davis' Team,19755,https://www.fangraphs.com/statss.aspx?playerid=19755&position=P,"//*[@id=""SeasonStats1_dgSeason11_ctl00__7""]/td[19]","//*[@id=""SeasonStats1_dgSeason11_ctl00__7""]/td[8]",Starter,
67,Corey Seager,LAD,SS,$26,Crash Davis' Team,13624,http://www.fangraphs.com/statss.aspx?playerid=13624&position=SS,"//*[@id=""SeasonStats1_dgSeason11_ctl00__23""]/td[21]","//*[@id=""SeasonStats1_dgSeason11_ctl00__23""]/td[4]",Starter,
69,Chris Archer,TB,SP,$18,Crash Davis' Team,6345,http://www.fangraphs.com/statss.aspx?playerid=6345&position=P,"//*[@id=""SeasonStats1_dgSeason11_ctl00__32""]/td[19]","//*[@id=""SeasonStats1_dgSeason11_ctl00__32""]/td[8]",Starter,
88,Adam Eaton,Wsh,OF,$11,Crash Davis' Team,11205,http://www.fangraphs.com/statss.aspx?playerid=11205&position=OF,"//*[@id=""SeasonStats1_dgSeason11_ctl00__28""]/td[21]","//*[@id=""SeasonStats1_dgSeason11_ctl00__28""]/td[4]",Starter,
98,Lorenzo Cain,Mil,OF,$10,Crash Davis' Team,9077,http://www.fangraphs.com/statss.aspx?playerid=9077&position=OF,"//*[@id=""SeasonStats1_dgSeason11_ctl00__40""]/td[21]","//*[@id=""SeasonStats1_dgSeason11_ctl00__40""]/td[4]",Starter,
99,Starling Marte,Pit,OF,$9,Crash Davis' Team,9241,http://www.fangraphs.com/statss.aspx?playerid=9241&position=OF,"//*[@id=""SeasonStats1_dgSeason11_ctl00__35""]/td[21]","//*[@id=""SeasonStats1_dgSeason11_ctl00__35""]/td[4]",Starter,
104,Mike Zunino,Sea,C,$9,Crash Davis' Team,13265,http://www.fangraphs.com/statss.aspx?playerid=13265&position=C,"//*[@id=""SeasonStats1_dgSeason11_ctl00__24""]/td[21]","//*[@id=""SeasonStats1_dgSeason11_ctl00__24""]/td[4]",Starter,
106,Robinson Cano,Sea,2B,$12,Crash Davis' Team,3269,http://www.fangraphs.com/statss.aspx?playerid=3269&position=2B,"//*[@id=""SeasonStats1_dgSeason11_ctl00__42""]/td[21]","//*[@id=""SeasonStats1_dgSeason11_ctl00__42""]/td[4]",Starter,
113,Matt Carpenter,StL,1B,$6,Crash Davis' Team,8090,http://www.fangraphs.com/statss.aspx?playerid=8090&position=3B,"//*[@id=""SeasonStats1_dgSeason11_ctl00__34""]/td[21]","//*[@id=""SeasonStats1_dgSeason11_ctl00__34""]/td[4]",Bench,
119,Marcus Stroman,Tor,SP,$12,Crash Davis' Team,13431,http://www.fangraphs.com/statss.aspx?playerid=13431&position=P,"//*[@id=""SeasonStats1_dgSeason11_ctl00__23""]/td[19]","//*[@id=""SeasonStats1_dgSeason11_ctl00__23""]/td[8]",Starter,
127,Jose Quintana,ChC,SP,$18,Crash Davis' Team,11423,http://www.fangraphs.com/statss.aspx?playerid=11423&position=P,"//*[@id=""SeasonStats1_dgSeason11_ctl00__29""]/td[19]","//*[@id=""SeasonStats1_dgSeason11_ctl00__29""]/td[8]",Starter,
135,Yasiel Puig,LAD,OF,$7,Crash Davis' Team,14225,http://www.fangraphs.com/statss.aspx?playerid=14225&position=OF,"//*[@id=""SeasonStats1_dgSeason11_ctl00__29""]/td[21]","//*[@id=""SeasonStats1_dgSeason11_ctl00__29""]/td[4]",Starter,
139,Michael Conforto,NYM,OF,$5,Crash Davis' Team,16376,http://www.fangraphs.com/statss.aspx?playerid=16376&position=OF,"//*[@id=""SeasonStats1_dgSeason11_ctl00__19""]/td[21]","//*[@id=""SeasonStats1_dgSeason11_ctl00__19""]/td[4]",Bench,
140,Jackie Bradley Jr.,Bos,OF,$5,Crash Davis' Team,12984,http://www.fangraphs.com/statss.aspx?playerid=12984&position=OF,"//*[@id=""SeasonStats1_dgSeason11_ctl00__27""]/td[21]","//*[@id=""SeasonStats1_dgSeason11_ctl00__27""]/td[4]",Starter,
143,Ken Giles,Hou,RP,$3,Crash Davis' Team,12910,http://www.fangraphs.com/statss.aspx?playerid=12910&position=P,"//*[@id=""SeasonStats1_dgSeason11_ctl00__22""]/td[19]","//*[@id=""SeasonStats1_dgSeason11_ctl00__22""]/td[8]",Starter,
153,Jameson Taillon,Pit,SP,$6,Crash Davis' Team,11674,http://www.fangraphs.com/statss.aspx?playerid=11674&position=P,"//*[@id=""SeasonStats1_dgSeason11_ctl00__19""]/td[19]","//*[@id=""SeasonStats1_dgSeason11_ctl00__19""]/td[8]",Starter,
163,Nomar Mazara,Tex,OF,$1,Crash Davis' Team,14553,http://www.fangraphs.com/statss.aspx?playerid=14553&position=OF,"//*[@id=""SeasonStats1_dgSeason11_ctl00__19""]/td[21]","//*[@id=""SeasonStats1_dgSeason11_ctl00__19""]/td[4]",Bench,
185,Martin Perez,Tex,SP,$1,Crash Davis' Team,6902,https://www.fangraphs.com/statss.aspx?playerid=6902&position=P,"//*[@id=""SeasonStats1_dgSeason11_ctl00__30""]/td[19]","//*[@id=""SeasonStats1_dgSeason11_ctl00__30""]/td[8]",Starter,
203,Rick Porcello,Bos,SP,$3,Crash Davis' Team,2717,http://www.fangraphs.com/statss.aspx?playerid=2717&position=P,"//*[@id=""SeasonStats1_dgSeason11_ctl00__34""]/td[19]","//*[@id=""SeasonStats1_dgSeason11_ctl00__34""]/td[8]",Starter,
218,Matt Duffy,TB,SS,$1,Crash Davis' Team,13836,https://www.fangraphs.com/statss.aspx?playerid=13836&position=3B,"//*[@id=""SeasonStats1_dgSeason11_ctl00__24""]/td[21]","//*[@id=""SeasonStats1_dgSeason11_ctl00__24""]/td[4]",Bench,
229,Matt Andriese,TB,SP,$1,Crash Davis' Team,12022,http://www.fangraphs.com/statss.aspx?playerid=12022&position=P,"//*[@id=""SeasonStats1_dgSeason11_ctl00__21""]/td[19]","//*[@id=""SeasonStats1_dgSeason11_ctl00__21""]/td[8]",Starter,
239,Zach Davies,Mil,SP,$1,Crash Davis' Team,13183,http://www.fangraphs.com/statss.aspx?playerid=13183&position=P,"//*[@id=""SeasonStats1_dgSeason11_ctl00__18""]/td[19]","//*[@id=""SeasonStats1_dgSeason11_ctl00__18""]/td[8]",Starter,
249,Brandon Belt,SF,1B,$1,Crash Davis' Team,10264,http://www.fangraphs.com/statss.aspx?playerid=10264&position=1B,"//*[@id=""SeasonStats1_dgSeason11_ctl00__31""]/td[21]","//*[@id=""SeasonStats1_dgSeason11_ctl00__31""]/td[4]",Starter,
250,Matt Chapman,Oak,3B,$2,Crash Davis' Team,16505,https://www.fangraphs.com/statss.aspx?playerid=16505&position=3B,"//*[@id=""SeasonStats1_dgSeason11_ctl00__17""]/td[21]","//*[@id=""SeasonStats1_dgSeason11_ctl00__17""]/td[4]",Starter,
258,Eduardo Rodriguez,Bos,SP,$2,Crash Davis' Team,13164,http://www.fangraphs.com/statss.aspx?playerid=13164&position=P,"//*[@id=""SeasonStats1_dgSeason11_ctl00__26""]/td[19]","//*[@id=""SeasonStats1_dgSeason11_ctl00__26""]/td[8]",Starter,
264,Sean Manaea,Oak,SP,$2,Crash Davis' Team,15873,http://www.fangraphs.com/statss.aspx?playerid=15873&position=P,"//*[@id=""SeasonStats1_dgSeason11_ctl00__19""]/td[19]","//*[@id=""SeasonStats1_dgSeason11_ctl00__19""]/td[8]",Starter,
331,Gleyber Torres,NYY,2B,$1,Crash Davis' Team,16997,https://www.fangraphs.com/statss.aspx?playerid=16997&position=2B,"//*[@id=""SeasonStats1_dgSeason11_ctl00__16""]/td[21]","//*[@id=""SeasonStats1_dgSeason11_ctl00__16""]/td[4]",Starter,
5,Paul Goldschmidt,Ari,1B,$42,Nuck Bob Futting,9218,http://www.fangraphs.com/statss.aspx?playerid=9218&position=1B,"//*[@id=""SeasonStats1_dgSeason11_ctl00__26""]/td[21]","//*[@id=""SeasonStats1_dgSeason11_ctl00__26""]/td[4]",Starter,
33,Francisco Lindor,Cle,SS,$39,Nuck Bob Futting,12916,http://www.fangraphs.com/statss.aspx?playerid=12916&position=SS,"//*[@id=""SeasonStats1_dgSeason11_ctl00__22""]/td[21]","//*[@id=""SeasonStats1_dgSeason11_ctl00__22""]/td[4]",Starter,
35,Yu Darvish,ChC,SP,$25,Nuck Bob Futting,13074,http://www.fangraphs.com/statss.aspx?playerid=13074&position=P,"//*[@id=""SeasonStats1_dgSeason11_ctl00__24""]/td[19]","//*[@id=""SeasonStats1_dgSeason11_ctl00__24""]/td[8]",Starter,
36,Khris Davis,Oak,OF,$20,Nuck Bob Futting,9112,http://www.fangraphs.com/statss.aspx?playerid=9112&position=OF,"//*[@id=""SeasonStats1_dgSeason11_ctl00__27""]/td[21]","//*[@id=""SeasonStats1_dgSeason11_ctl00__27""]/td[4]",Starter,
60,Zack Cozart,LAA,SS,$15,Nuck Bob Futting,2616,https://www.fangraphs.com/statss.aspx?playerid=2616&position=SS,"//*[@id=""SeasonStats1_dgSeason11_ctl00__28""]/td[21]","//*[@id=""SeasonStats1_dgSeason11_ctl00__28""]/td[4]",Starter,
71,Alex Bregman,Hou,SS,$20,Nuck Bob Futting,17678,http://www.fangraphs.com/statss.aspx?playerid=17678&position=3B,"//*[@id=""SeasonStats1_dgSeason11_ctl00__16""]/td[21]","//*[@id=""SeasonStats1_dgSeason11_ctl00__16""]/td[4]",Starter,
82,Carlos Martinez,StL,SP,$18,Nuck Bob Futting,11682,http://www.fangraphs.com/statss.aspx?playerid=11682&position=P,"//*[@id=""SeasonStats1_dgSeason11_ctl00__27""]/td[19]","//*[@id=""SeasonStats1_dgSeason11_ctl00__27""]/td[8]",Starter,
93,Masahiro Tanaka,NYY,SP,$15,Nuck Bob Futting,15764,http://www.fangraphs.com/statss.aspx?playerid=15764&position=P,"//*[@id=""SeasonStats1_dgSeason11_ctl00__18""]/td[19]","//*[@id=""SeasonStats1_dgSeason11_ctl00__18""]/td[8]",Starter,
111,Nicholas Castellanos,Det,3B,$8,Nuck Bob Futting,11737,https://www.fangraphs.com/statss.aspx?playerid=11737&position=3B,"//*[@id=""SeasonStats1_dgSeason11_ctl00__23""]/td[21]","//*[@id=""SeasonStats1_dgSeason11_ctl00__23""]/td[4]",Starter,
133,Ozzie Albies,Atl,2B,$4,Nuck Bob Futting,16556,https://www.fangraphs.com/statss.aspx?playerid=16556&position=2B,"//*[@id=""SeasonStats1_dgSeason11_ctl00__15""]/td[21]","//*[@id=""SeasonStats1_dgSeason11_ctl00__15""]/td[4]",Starter,
147,Willson Contreras,ChC,C,$9,Nuck Bob Futting,11609,http://www.fangraphs.com/statss.aspx?playerid=11609&position=C,"//*[@id=""SeasonStats1_dgSeason11_ctl00__21""]/td[21]","//*[@id=""SeasonStats1_dgSeason11_ctl00__21""]/td[4]",Starter,
159,Yasmani Grandal,LAD,C,$4,Nuck Bob Futting,11368,http://www.fangraphs.com/statss.aspx?playerid=11368&position=C,"//*[@id=""SeasonStats1_dgSeason11_ctl00__31""]/td[21]","//*[@id=""SeasonStats1_dgSeason11_ctl00__31""]/td[4]",Starter,
170,Kevin Kiermaier,TB,OF,$12,Nuck Bob Futting,11038,http://www.fangraphs.com/statss.aspx?playerid=11038&position=OF,"//*[@id=""SeasonStats1_dgSeason11_ctl00__29""]/td[21]","//*[@id=""SeasonStats1_dgSeason11_ctl00__29""]/td[4]",Starter,
181,Kevin Gausman,Bal,SP,$6,Nuck Bob Futting,14107,http://www.fangraphs.com/statss.aspx?playerid=14107&position=P,"//*[@id=""SeasonStats1_dgSeason11_ctl00__30""]/td[19]","//*[@id=""SeasonStats1_dgSeason11_ctl00__30""]/td[8]",Starter,
183,Yoan Moncada,CWS,2B,$6,Nuck Bob Futting,17232,https://www.fangraphs.com/statss.aspx?playerid=17232&position=2B,"//*[@id=""SeasonStats1_dgSeason11_ctl00__15""]/td[21]","//*[@id=""SeasonStats1_dgSeason11_ctl00__15""]/td[4]",Bench,
191,Michael Fulmer,Det,SP,$4,Nuck Bob Futting,13218,http://www.fangraphs.com/statss.aspx?playerid=13218&position=P,"//*[@id=""SeasonStats1_dgSeason11_ctl00__20""]/td[19]","//*[@id=""SeasonStats1_dgSeason11_ctl00__20""]/td[8]",Starter,
197,Jon Gray,Col,SP,$4,Nuck Bob Futting,14916,http://www.fangraphs.com/statss.aspx?playerid=14916&position=P,"//*[@id=""SeasonStats1_dgSeason11_ctl00__21""]/td[19]","//*[@id=""SeasonStats1_dgSeason11_ctl00__21""]/td[8]",Starter,
215,Justin Bour,Mia,1B,$2,Nuck Bob Futting,9744,https://www.fangraphs.com/statss.aspx?playerid=9744&position=1B,"//*[@id=""SeasonStats1_dgSeason11_ctl00__26""]/td[21]","//*[@id=""SeasonStats1_dgSeason11_ctl00__26""]/td[4]",Starter,
231,Kenta Maeda,LAD,SP,$3,Nuck Bob Futting,18498,http://www.fangraphs.com/statss.aspx?playerid=18498&position=P,"//*[@id=""SeasonStats1_dgSeason11_ctl00__14""]/td[19]","//*[@id=""SeasonStats1_dgSeason11_ctl00__14""]/td[8]",Starter,
233,Eric Thames,Mil,1B,$2,Nuck Bob Futting,3711,http://www.fangraphs.com/statss.aspx?playerid=3711&position=1B/OF,"//*[@id=""SeasonStats1_dgSeason11_ctl00__23""]/td[21]","//*[@id=""SeasonStats1_dgSeason11_ctl00__23""]/td[4]",Starter,
235,Jacob Faria,TB,SP,$1,Nuck Bob Futting,13699,https://www.fangraphs.com/statss.aspx?playerid=13699&position=P,"//*[@id=""SeasonStats1_dgSeason11_ctl00__17""]/td[19]","//*[@id=""SeasonStats1_dgSeason11_ctl00__17""]/td[8]",Starter,
245,Ben Zobrist,ChC,2B,$1,Nuck Bob Futting,7435,http://www.fangraphs.com/statss.aspx?playerid=7435&position=2B/OF,"//*[@id=""SeasonStats1_dgSeason11_ctl00__49""]/td[21]","//*[@id=""SeasonStats1_dgSeason11_ctl00__49""]/td[4]",Bench,
251,Ervin Santana,Min,SP,$2,Nuck Bob Futting,3200,http://www.fangraphs.com/statss.aspx?playerid=3200&position=P,"//*[@id=""SeasonStats1_dgSeason11_ctl00__34""]/td[19]","//*[@id=""SeasonStats1_dgSeason11_ctl00__34""]/td[8]",Starter,
259,Drew Pomeranz,Bos,SP,$4,Nuck Bob Futting,11426,http://www.fangraphs.com/statss.aspx?playerid=11426&position=P,"//*[@id=""SeasonStats1_dgSeason11_ctl00__36""]/td[19]","//*[@id=""SeasonStats1_dgSeason11_ctl00__36""]/td[8]",Bench,
265,Matt Shoemaker,LAA,SP,$1,Nuck Bob Futting,4776,http://www.fangraphs.com/statss.aspx?playerid=4776&position=P,"//*[@id=""SeasonStats1_dgSeason11_ctl00__30""]/td[19]","//*[@id=""SeasonStats1_dgSeason11_ctl00__30""]/td[8]",Starter,
274,Kelvin Herrera,KC,RP,$1,Nuck Bob Futting,6033,http://www.fangraphs.com/statss.aspx?playerid=6033&position=P,"//*[@id=""SeasonStats1_dgSeason11_ctl00__33""]/td[19]","//*[@id=""SeasonStats1_dgSeason11_ctl00__33""]/td[8]",Starter,
283,German Marquez,Col,SP,$1,Nuck Bob Futting,15038,https://www.fangraphs.com/statss.aspx?playerid=15038&position=P,"//*[@id=""SeasonStats1_dgSeason11_ctl00__18""]/td[19]","//*[@id=""SeasonStats1_dgSeason11_ctl00__18""]/td[8]",Starter,
290,Kole Calhoun,LAA,OF,$1,Nuck Bob Futting,11200,http://www.fangraphs.com/statss.aspx?playerid=11200&position=OF,"//*[@id=""SeasonStats1_dgSeason11_ctl00__25""]/td[21]","//*[@id=""SeasonStats1_dgSeason11_ctl00__25""]/td[4]",Starter,
296,Felix Hernandez,Sea,SP,$1,Nuck Bob Futting,4772,http://www.fangraphs.com/statss.aspx?playerid=4772&position=P,"//*[@id=""SeasonStats1_dgSeason11_ctl00__36""]/td[19]","//*[@id=""SeasonStats1_dgSeason11_ctl00__36""]/td[8]",Bench,
299,Alex Reyes,StL,SP,$4,Nuck Bob Futting,15015,http://www.fangraphs.com/statss.aspx?playerid=15015&position=P,"//*[@id=""SeasonStats1_dgSeason11_ctl00__6""]/td[19]","//*[@id=""SeasonStats1_dgSeason11_ctl00__6""]/td[8]",Bench,
11,Joey Votto,Cin,1B,$36,Team Heckmann,4314,http://www.fangraphs.com/statss.aspx?playerid=4314&position=1B,"//*[@id=""SeasonStats1_dgSeason11_ctl00__39""]/td[21]","//*[@id=""SeasonStats1_dgSeason11_ctl00__39""]/td[4]",Starter,
29,Clayton Kershaw,LAD,SP,$48,Team Heckmann,2036,http://www.fangraphs.com/statss.aspx?playerid=2036&position=P,"//*[@id=""SeasonStats1_dgSeason11_ctl00__42""]/td[19]","//*[@id=""SeasonStats1_dgSeason11_ctl00__42""]/td[8]",Starter,
34,Dee Gordon,Sea,2B,$18,Team Heckmann,8203,http://www.fangraphs.com/statss.aspx?playerid=8203&position=2B,"//*[@id=""SeasonStats1_dgSeason11_ctl00__32""]/td[21]","//*[@id=""SeasonStats1_dgSeason11_ctl00__32""]/td[4]",Starter,
40,Kris Bryant,ChC,3B,$39,Team Heckmann,15429,http://www.fangraphs.com/statss.aspx?playerid=15429&position=3B,"//*[@id=""SeasonStats1_dgSeason11_ctl00__22""]/td[21]","//*[@id=""SeasonStats1_dgSeason11_ctl00__22""]/td[4]",Starter,
42,Miguel Cabrera,Det,1B,$7,Team Heckmann,1744,http://www.fangraphs.com/statss.aspx?playerid=1744&position=1B/3B,"//*[@id=""SeasonStats1_dgSeason11_ctl00__42""]/td[21]","//*[@id=""SeasonStats1_dgSeason11_ctl00__42""]/td[4]",Starter,
46,Aaron Judge,NYY,OF,$37,Team Heckmann,15640,https://www.fangraphs.com/statss.aspx?playerid=15640&position=OF,"//*[@id=""SeasonStats1_dgSeason11_ctl00__17""]/td[21]","//*[@id=""SeasonStats1_dgSeason11_ctl00__17""]/td[4]",Starter,
56,Brett Gardner,NYY,OF,$8,Team Heckmann,9927,http://www.fangraphs.com/statss.aspx?playerid=9927&position=OF,"//*[@id=""SeasonStats1_dgSeason11_ctl00__41""]/td[21]","//*[@id=""SeasonStats1_dgSeason11_ctl00__41""]/td[4]",Starter,
65,J.T. Realmuto,Mia,C,$16,Team Heckmann,11739,http://www.fangraphs.com/statss.aspx?playerid=11739&position=C,"//*[@id=""SeasonStats1_dgSeason11_ctl00__22""]/td[21]","//*[@id=""SeasonStats1_dgSeason11_ctl00__22""]/td[4]",Starter,
81,Didi Gregorius,NYY,SS,$13,Team Heckmann,6012,http://www.fangraphs.com/statss.aspx?playerid=6012&position=SS,"//*[@id=""SeasonStats1_dgSeason11_ctl00__33""]/td[21]","//*[@id=""SeasonStats1_dgSeason11_ctl00__33""]/td[4]",Starter,
116,Byron Buxton,Min,OF,$10,Team Heckmann,14161,http://www.fangraphs.com/statss.aspx?playerid=14161&position=OF,"//*[@id=""SeasonStats1_dgSeason11_ctl00__25""]/td[21]","//*[@id=""SeasonStats1_dgSeason11_ctl00__25""]/td[4]",Starter,
126,Felipe Rivero,Pit,RP,$8,Team Heckmann,12076,http://www.fangraphs.com/statss.aspx?playerid=12076&position=P,"//*[@id=""SeasonStats1_dgSeason11_ctl00__24""]/td[19]","//*[@id=""SeasonStats1_dgSeason11_ctl00__24""]/td[8]",Starter,
130,Eddie Rosario,Min,OF,$7,Team Heckmann,12155,https://www.fangraphs.com/statss.aspx?playerid=12155&position=OF,"//*[@id=""SeasonStats1_dgSeason11_ctl00__24""]/td[21]","//*[@id=""SeasonStats1_dgSeason11_ctl00__24""]/td[4]",Starter,
138,Roberto Osuna,Tor,RP,$6,Team Heckmann,13764,http://www.fangraphs.com/statss.aspx?playerid=13764&position=P,"//*[@id=""SeasonStats1_dgSeason11_ctl00__21""]/td[19]","//*[@id=""SeasonStats1_dgSeason11_ctl00__21""]/td[8]",Starter,
209,Arodys Vizcaino,Atl,RP,$1,Team Heckmann,5498,https://www.fangraphs.com/statss.aspx?playerid=5498&position=P,"//*[@id=""SeasonStats1_dgSeason11_ctl00__33""]/td[19]","//*[@id=""SeasonStats1_dgSeason11_ctl00__33""]/td[8]",Starter,
241,Miles Mikolas,StL,SP,$1,Team Heckmann,9803,https://www.fangraphs.com/statss.aspx?playerid=9803&position=P,"//*[@id=""SeasonStats1_dgSeason11_ctl00__20""]/td[19]","//*[@id=""SeasonStats1_dgSeason11_ctl00__20""]/td[8]",Starter,
261,Josh Hader,Mil,RP,$1,Team Heckmann,14212,https://www.fangraphs.com/statss.aspx?playerid=14212&position=P,"//*[@id=""SeasonStats1_dgSeason11_ctl00__19""]/td[19]","//*[@id=""SeasonStats1_dgSeason11_ctl00__19""]/td[8]",Starter,
270,Carlos Rodon,CWS,SP,$1,Team Heckmann,16137,http://www.fangraphs.com/statss.aspx?playerid=16137&position=P,"//*[@id=""SeasonStats1_dgSeason11_ctl00__11""]/td[19]","//*[@id=""SeasonStats1_dgSeason11_ctl00__11""]/td[8]",Starter,
279,Luis Perdomo,SD,SP,$1,Team Heckmann,14682,https://www.fangraphs.com/statss.aspx?playerid=14682&position=P,"//*[@id=""SeasonStats1_dgSeason11_ctl00__20""]/td[19]","//*[@id=""SeasonStats1_dgSeason11_ctl00__20""]/td[8]",Starter,
285,Brad Peacock,Hou,RP,$2,Team Heckmann,5401,https://www.fangraphs.com/statss.aspx?playerid=5401&position=P,"//*[@id=""SeasonStats1_dgSeason11_ctl00__35""]/td[19]","//*[@id=""SeasonStats1_dgSeason11_ctl00__35""]/td[8]",Starter,
287,Matt Harvey,NYM,SP,$1,Team Heckmann,11713,http://www.fangraphs.com/statss.aspx?playerid=11713&position=P,"//*[@id=""SeasonStats1_dgSeason11_ctl00__22""]/td[19]","//*[@id=""SeasonStats1_dgSeason11_ctl00__22""]/td[8]",Starter,
294,Aaron Hicks,NYY,OF,$1,Team Heckmann,5297,https://www.fangraphs.com/statss.aspx?playerid=5297&position=OF,"//*[@id=""SeasonStats1_dgSeason11_ctl00__30""]/td[21]","//*[@id=""SeasonStats1_dgSeason11_ctl00__30""]/td[4]",Bench,
300,Asdrubal Cabrera,NYM,SS,$1,Team Heckmann,4962,https://www.fangraphs.com/statss.aspx?playerid=4962&position=SS,"//*[@id=""SeasonStats1_dgSeason11_ctl00__46""]/td[21]","//*[@id=""SeasonStats1_dgSeason11_ctl00__46""]/td[4]",Bench,
305,Kevin Pillar,Tor,OF,$1,Team Heckmann,12434,http://www.fangraphs.com/statss.aspx?playerid=12434&position=OF,"//*[@id=""SeasonStats1_dgSeason11_ctl00__26""]/td[21]","//*[@id=""SeasonStats1_dgSeason11_ctl00__26""]/td[4]",Starter,
309,Jose Martinez,StL,1B,$1,Team Heckmann,7996,https://www.fangraphs.com/statss.aspx?playerid=7996&position=1B/OF,"//*[@id=""SeasonStats1_dgSeason11_ctl00__26""]/td[21]","//*[@id=""SeasonStats1_dgSeason11_ctl00__26""]/td[4]",Bench,
313,Jason Castro,Min,C,$1,Team Heckmann,8722,http://www.fangraphs.com/statss.aspx?playerid=8722&position=C,"//*[@id=""SeasonStats1_dgSeason11_ctl00__29""]/td[21]","//*[@id=""SeasonStats1_dgSeason11_ctl00__29""]/td[4]",Starter,
316,Tyler Glasnow,Pit,RP,$1,Team Heckmann,14374,http://www.fangraphs.com/statss.aspx?playerid=14374&position=P,"//*[@id=""SeasonStats1_dgSeason11_ctl00__20""]/td[19]","//*[@id=""SeasonStats1_dgSeason11_ctl00__20""]/td[8]",Starter,
319,Anthony DeSclafani,Cin,SP,$1,Team Heckmann,13050,http://www.fangraphs.com/statss.aspx?playerid=13050&position=P,"//*[@id=""SeasonStats1_dgSeason11_ctl00__12""]/td[19]","//*[@id=""SeasonStats1_dgSeason11_ctl00__12""]/td[8]",Bench,
322,Jack Flaherty,StL,SP,$1,Team Heckmann,17479,https://www.fangraphs.com/statss.aspx?playerid=17479&position=P,"//*[@id=""SeasonStats1_dgSeason11_ctl00__14""]/td[19]","//*[@id=""SeasonStats1_dgSeason11_ctl00__14""]/td[8]",Starter,
325,Dansby Swanson,Atl,SS,$1,Team Heckmann,18314,http://www.fangraphs.com/statss.aspx?playerid=18314&position=SS,"//*[@id=""SeasonStats1_dgSeason11_ctl00__15""]/td[21]","//*[@id=""SeasonStats1_dgSeason11_ctl00__15""]/td[4]",Starter,
328,Lewis Brinson,Mia,OF,$1,Team Heckmann,14352,https://www.fangraphs.com/statss.aspx?playerid=14352&position=OF,"//*[@id=""SeasonStats1_dgSeason11_ctl00__19""]/td[21]","//*[@id=""SeasonStats1_dgSeason11_ctl00__19""]/td[4]",Bench,
6,Carlos Correa,Hou,SS,$49,Ringin' Dingers,14162,http://www.fangraphs.com/statss.aspx?playerid=14162&position=SS,"//*[@id=""SeasonStats1_dgSeason11_ctl00__23""]/td[21]","//*[@id=""SeasonStats1_dgSeason11_ctl00__23""]/td[4]",Starter,
12,A.J. Pollock,Ari,OF,$19,Ringin' Dingers,9256,http://www.fangraphs.com/statss.aspx?playerid=9256&position=OF,"//*[@id=""SeasonStats1_dgSeason11_ctl00__29""]/td[21]","//*[@id=""SeasonStats1_dgSeason11_ctl00__29""]/td[4]",Starter,
15,Ian Desmond,Col,1B,$16,Ringin' Dingers,6885,http://www.fangraphs.com/statss.aspx?playerid=6885&position=SS,"//*[@id=""SeasonStats1_dgSeason11_ctl00__37""]/td[21]","//*[@id=""SeasonStats1_dgSeason11_ctl00__37""]/td[4]",Starter,
17,Giancarlo Stanton,NYY,OF,$42,Ringin' Dingers,4949,http://www.fangraphs.com/statss.aspx?playerid=4949&position=OF,"//*[@id=""SeasonStats1_dgSeason11_ctl00__32""]/td[21]","//*[@id=""SeasonStats1_dgSeason11_ctl00__32""]/td[4]",Starter,
20,Jon Lester,ChC,SP,$24,Ringin' Dingers,4930,http://www.fangraphs.com/statss.aspx?playerid=4930&position=P,"//*[@id=""SeasonStats1_dgSeason11_ctl00__45""]/td[19]","//*[@id=""SeasonStats1_dgSeason11_ctl00__45""]/td[8]",Starter,
21,Rich Hill,LAD,SP,$18,Ringin' Dingers,4806,http://www.fangraphs.com/statss.aspx?playerid=4806&position=P,"//*[@id=""SeasonStats1_dgSeason11_ctl00__60""]/td[19]","//*[@id=""SeasonStats1_dgSeason11_ctl00__60""]/td[8]",Starter,
28,Justin Turner,LAD,3B,$26,Ringin' Dingers,5235,http://www.fangraphs.com/statss.aspx?playerid=5235&position=3B,"//*[@id=""SeasonStats1_dgSeason11_ctl00__37""]/td[21]","//*[@id=""SeasonStats1_dgSeason11_ctl00__37""]/td[8]",Starter,
31,Blake Snell,TB,SP,$19,Ringin' Dingers,13543,http://www.fangraphs.com/statss.aspx?playerid=13543&position=P,"//*[@id=""SeasonStats1_dgSeason11_ctl00__21""]/td[19]","//*[@id=""SeasonStats1_dgSeason11_ctl00__21""]/td[8]",Starter,
39,DJ LeMahieu,Col,2B,$12,Ringin' Dingers,9874,http://www.fangraphs.com/statss.aspx?playerid=9874&position=2B,"//*[@id=""SeasonStats1_dgSeason11_ctl00__29""]/td[21]","//*[@id=""SeasonStats1_dgSeason11_ctl00__29""]/td[4]",Starter,
41,David Robertson,NYY,RP,$7,Ringin' Dingers,8241,http://www.fangraphs.com/statss.aspx?playerid=8241&position=P,"//*[@id=""SeasonStats1_dgSeason11_ctl00__41""]/td[19]","//*[@id=""SeasonStats1_dgSeason11_ctl00__41""]/td[8]",Starter,
83,Kenley Jansen,LAD,RP,$13,Ringin' Dingers,3096,http://www.fangraphs.com/statss.aspx?playerid=3096&position=P,"//*[@id=""SeasonStats1_dgSeason11_ctl00__34""]/td[19]","//*[@id=""SeasonStats1_dgSeason11_ctl00__34""]/td[8]",Starter,
91,Billy Hamilton,Cin,OF,$9,Ringin' Dingers,10199,http://www.fangraphs.com/statss.aspx?playerid=10199&position=OF,"//*[@id=""SeasonStats1_dgSeason11_ctl00__24""]/td[21]","//*[@id=""SeasonStats1_dgSeason11_ctl00__24""]/td[4]",Starter,
94,Craig Kimbrel,Bos,RP,$4,Ringin' Dingers,6655,http://www.fangraphs.com/statss.aspx?playerid=6655&position=P,"//*[@id=""SeasonStats1_dgSeason11_ctl00__37""]/td[19]","//*[@id=""SeasonStats1_dgSeason11_ctl00__37""]/td[8]",Starter,
226,Greg Holland,FA,RP,$1,Ringin' Dingers,7196,http://www.fangraphs.com/statss.aspx?playerid=7196&position=P,"//*[@id=""SeasonStats1_dgSeason11_ctl00__29""]/td[19]","//*[@id=""SeasonStats1_dgSeason11_ctl00__29""]/td[8]",Starter,
236,Eugenio Suarez,Cin,3B,$1,Ringin' Dingers,12552,http://www.fangraphs.com/statss.aspx?playerid=12552&position=3B/SS,"//*[@id=""SeasonStats1_dgSeason11_ctl00__27""]/td[21]","//*[@id=""SeasonStats1_dgSeason11_ctl00__27""]/td[4]",Starter,
246,Dexter Fowler,StL,OF,$1,Ringin' Dingers,4062,http://www.fangraphs.com/statss.aspx?playerid=4062&position=OF,"//*[@id=""SeasonStats1_dgSeason11_ctl00__40""]/td[21]","//*[@id=""SeasonStats1_dgSeason11_ctl00__40""]/td[4]",Starter,
266,Addison Russell,ChC,SS,$1,Ringin' Dingers,14106,http://www.fangraphs.com/statss.aspx?playerid=14106&position=SS,"//*[@id=""SeasonStats1_dgSeason11_ctl00__26""]/td[21]","//*[@id=""SeasonStats1_dgSeason11_ctl00__26""]/td[4]",Starter,
284,Michael Taylor,Wsh,OF,$1,Ringin' Dingers,11489,https://www.fangraphs.com/statss.aspx?playerid=11489&position=OF,"//*[@id=""SeasonStats1_dgSeason11_ctl00__28""]/td[21]","//*[@id=""SeasonStats1_dgSeason11_ctl00__28""]/td[4]",Starter,
291,Starlin Castro,Mia,2B,$1,Ringin' Dingers,4579,http://www.fangraphs.com/statss.aspx?playerid=4579&position=2B/SS,"//*[@id=""SeasonStats1_dgSeason11_ctl00__32""]/td[21]","//*[@id=""SeasonStats1_dgSeason11_ctl00__32""]/td[4]",Bench,
297,Yuli Gurriel,Hou,1B,$1,Ringin' Dingers,19198,https://www.fangraphs.com/statss.aspx?playerid=19198&position=1B,"//*[@id=""SeasonStats1_dgSeason11_ctl00__17""]/td[21]","//*[@id=""SeasonStats1_dgSeason11_ctl00__17""]/td[4]",Bench,
302,Todd Frazier,NYM,3B,$1,Ringin' Dingers,785,http://www.fangraphs.com/statss.aspx?playerid=785&position=3B,"//*[@id=""SeasonStats1_dgSeason11_ctl00__35""]/td[21]","//*[@id=""SeasonStats1_dgSeason11_ctl00__35""]/td[4]",Bench,
306,Brad Brach,Bal,RP,$1,Ringin' Dingers,6627,http://www.fangraphs.com/statss.aspx?playerid=6627&position=P,"//*[@id=""SeasonStats1_dgSeason11_ctl00__30""]/td[19]","//*[@id=""SeasonStats1_dgSeason11_ctl00__30""]/td[8]",Starter,
310,Mark Trumbo,Bal,OF,$1,Ringin' Dingers,6876,http://www.fangraphs.com/statss.aspx?playerid=6876&position=1B/OF,"//*[@id=""SeasonStats1_dgSeason11_ctl00__35""]/td[21]","//*[@id=""SeasonStats1_dgSeason11_ctl00__35""]/td[4]",Bench,
314,Hunter Renfroe,SD,OF,$1,Ringin' Dingers,15464,https://www.fangraphs.com/statss.aspx?playerid=15464&position=OF,"//*[@id=""SeasonStats1_dgSeason11_ctl00__18""]/td[21]","//*[@id=""SeasonStats1_dgSeason11_ctl00__18""]/td[4]",Bench,
317,Alex Claudio,Tex,RP,$1,Ringin' Dingers,12890,https://www.fangraphs.com/statss.aspx?playerid=12890&position=P,"//*[@id=""SeasonStats1_dgSeason11_ctl00__26""]/td[19]","//*[@id=""SeasonStats1_dgSeason11_ctl00__26""]/td[8]",Starter,
320,Shane Greene,Det,RP,$1,Ringin' Dingers,10756,https://www.fangraphs.com/statss.aspx?playerid=10756&position=P,"//*[@id=""SeasonStats1_dgSeason11_ctl00__25""]/td[19]","//*[@id=""SeasonStats1_dgSeason11_ctl00__25""]/td[8]",Starter,
323,Fernando Rodney,Min,RP,$1,Ringin' Dingers,494,http://www.fangraphs.com/statss.aspx?playerid=494&position=P,"//*[@id=""SeasonStats1_dgSeason11_ctl00__48""]/td[19]","//*[@id=""SeasonStats1_dgSeason11_ctl00__48""]/td[8]",Starter,
326,Travis d'Arnaud,NYM,C,$1,Ringin' Dingers,7739,http://www.fangraphs.com/statss.aspx?playerid=7739&position=C,"//*[@id=""SeasonStats1_dgSeason11_ctl00__37""]/td[21]","//*[@id=""SeasonStats1_dgSeason11_ctl00__37""]/td[4]",Starter,
329,Joakim Soria,CWS,RP,$1,Ringin' Dingers,6941,http://www.fangraphs.com/statss.aspx?playerid=6941&position=P,"//*[@id=""SeasonStats1_dgSeason11_ctl00__37""]/td[19]","//*[@id=""SeasonStats1_dgSeason11_ctl00__37""]/td[8]",Starter,
330,Alex Avila,Ari,C,$1,Ringin' Dingers,7476,https://www.fangraphs.com/statss.aspx?playerid=7476&position=C,"//*[@id=""SeasonStats1_dgSeason11_ctl00__38""]/td[21]","//*[@id=""SeasonStats1_dgSeason11_ctl00__38""]/td[4]",Starter,
10,Dallas Keuchel,Hou,SP,$27,Team Fink,9434,http://www.fangraphs.com/statss.aspx?playerid=9434&position=P,"//*[@id=""SeasonStats1_dgSeason11_ctl00__30""]/td[19]","//*[@id=""SeasonStats1_dgSeason11_ctl00__30""]/td[8]",Starter,
14,Trevor Bauer,Cle,SP,$25,Team Fink,12703,http://www.fangraphs.com/statss.aspx?playerid=12703&position=P,"//*[@id=""SeasonStats1_dgSeason11_ctl00__27""]/td[19]","//*[@id=""SeasonStats1_dgSeason11_ctl00__27""]/td[8]",Starter,
47,Madison Bumgarner,SF,SP,$26,Team Fink,5524,http://www.fangraphs.com/statss.aspx?playerid=5524&position=P,"//*[@id=""SeasonStats1_dgSeason11_ctl00__27""]/td[19]","//*[@id=""SeasonStats1_dgSeason11_ctl00__27""]/td[8]",Bench,
51,Anthony Rizzo,ChC,1B,$26,Team Fink,3473,http://www.fangraphs.com/statss.aspx?playerid=3473&position=1B,"//*[@id=""SeasonStats1_dgSeason11_ctl00__32""]/td[21]","//*[@id=""SeasonStats1_dgSeason11_ctl00__32""]/td[4]",Starter,
72,J.D. Martinez,Bos,OF,$20,Team Fink,6184,http://www.fangraphs.com/statss.aspx?playerid=6184&position=OF,"//*[@id=""SeasonStats1_dgSeason11_ctl00__36""]/td[21]","//*[@id=""SeasonStats1_dgSeason11_ctl00__36""]/td[4]",Starter,
74,Marcell Ozuna,StL,OF,$22,Team Fink,10324,http://www.fangraphs.com/statss.aspx?playerid=10324&position=OF,"//*[@id=""SeasonStats1_dgSeason11_ctl00__26""]/td[21]","//*[@id=""SeasonStats1_dgSeason11_ctl00__26""]/td[4]",Starter,
78,Rhys Hoskins,Phi,1B,$18,Team Fink,16472,https://www.fangraphs.com/statss.aspx?playerid=16472&position=1B/OF,"//*[@id=""SeasonStats1_dgSeason11_ctl00__14""]/td[21]","//*[@id=""SeasonStats1_dgSeason11_ctl00__14""]/td[4]",Starter,
87,Aaron Nola,Phi,SP,$19,Team Fink,16149,http://www.fangraphs.com/statss.aspx?playerid=16149&position=P,"//*[@id=""SeasonStats1_dgSeason11_ctl00__18""]/td[19]","//*[@id=""SeasonStats1_dgSeason11_ctl00__18""]/td[8]",Starter,
101,Alex Wood,LAD,SP,$12,Team Fink,13781,https://www.fangraphs.com/statss.aspx?playerid=13781&position=P,"//*[@id=""SeasonStats1_dgSeason11_ctl00__27""]/td[19]","//*[@id=""SeasonStats1_dgSeason11_ctl00__27""]/td[8]",Starter,
109,Wilson Ramos,TB,C,$6,Team Fink,1433,http://www.fangraphs.com/statss.aspx?playerid=1433&position=C,"//*[@id=""SeasonStats1_dgSeason11_ctl00__40""]/td[21]","//*[@id=""SeasonStats1_dgSeason11_ctl00__40""]/td[4]",Starter,
120,Tommy Pham,StL,OF,$11,Team Fink,2967,https://www.fangraphs.com/statss.aspx?playerid=2967&position=OF,"//*[@id=""SeasonStats1_dgSeason11_ctl00__33""]/td[21]","//*[@id=""SeasonStats1_dgSeason11_ctl00__33""]/td[4]",Starter,
134,Daniel Murphy,Wsh,2B,$9,Team Fink,4316,http://www.fangraphs.com/statss.aspx?playerid=4316&position=2B,"//*[@id=""SeasonStats1_dgSeason11_ctl00__29""]/td[21]","//*[@id=""SeasonStats1_dgSeason11_ctl00__29""]/td[4]",Starter,
157,Kyle Seager,Sea,3B,$6,Team Fink,9785,http://www.fangraphs.com/statss.aspx?playerid=9785&position=3B,"//*[@id=""SeasonStats1_dgSeason11_ctl00__27""]/td[21]","//*[@id=""SeasonStats1_dgSeason11_ctl00__27""]/td[4]",Starter,
164,Zack Godley,Ari,SP,$6,Team Fink,14862,https://www.fangraphs.com/statss.aspx?playerid=14862&position=P,"//*[@id=""SeasonStats1_dgSeason11_ctl00__23""]/td[19]","//*[@id=""SeasonStats1_dgSeason11_ctl00__23""]/td[8]",Starter,
172,Manuel Margot,SD,OF,$5,Team Fink,14712,http://www.fangraphs.com/statss.aspx?playerid=14712&position=OF,"//*[@id=""SeasonStats1_dgSeason11_ctl00__19""]/td[21]","//*[@id=""SeasonStats1_dgSeason11_ctl00__19""]/td[4]",Starter,
176,Luiz Gohara,Atl,SP,$3,Team Fink,15166,https://www.fangraphs.com/statss.aspx?playerid=15166&position=P,"//*[@id=""SeasonStats1_dgSeason11_ctl00__21""]/td[19]","//*[@id=""SeasonStats1_dgSeason11_ctl00__21""]/td[8]",Starter,
178,Brandon Crawford,SF,SS,$5,Team Fink,5343,http://www.fangraphs.com/statss.aspx?playerid=5343&position=SS,"//*[@id=""SeasonStats1_dgSeason11_ctl00__33""]/td[21]","//*[@id=""SeasonStats1_dgSeason11_ctl00__33""]/td[4]",Starter,
199,Michael Wacha,StL,SP,$3,Team Fink,14078,http://www.fangraphs.com/statss.aspx?playerid=14078&position=P,"//*[@id=""SeasonStats1_dgSeason11_ctl00__25""]/td[19]","//*[@id=""SeasonStats1_dgSeason11_ctl00__25""]/td[8]",Starter,
214,Danny Salazar,Cle,SP,$3,Team Fink,5867,http://www.fangraphs.com/statss.aspx?playerid=5867&position=P,"//*[@id=""SeasonStats1_dgSeason11_ctl00__25""]/td[19]","//*[@id=""SeasonStats1_dgSeason11_ctl00__25""]/td[8]",Starter,
221,Jerad Eickhoff,Phi,SP,$2,Team Fink,12664,http://www.fangraphs.com/statss.aspx?playerid=12664&position=P,"//*[@id=""SeasonStats1_dgSeason11_ctl00__14""]/td[19]","//*[@id=""SeasonStats1_dgSeason11_ctl00__14""]/td[8]",Starter,
223,Jason Kipnis,Cle,2B,$1,Team Fink,9776,http://www.fangraphs.com/statss.aspx?playerid=9776&position=2B,"//*[@id=""SeasonStats1_dgSeason11_ctl00__31""]/td[21]","//*[@id=""SeasonStats1_dgSeason11_ctl00__31""]/td[4]",Starter,
224,Chase Anderson,Mil,SP,$2,Team Fink,6895,https://www.fangraphs.com/statss.aspx?playerid=6895&position=P,"//*[@id=""SeasonStats1_dgSeason11_ctl00__24""]/td[19]","//*[@id=""SeasonStats1_dgSeason11_ctl00__24""]/td[8]",Starter,
232,Austin Hedges,SD,C,$2,Team Fink,12976,http://www.fangraphs.com/statss.aspx?playerid=12976&position=C,"//*[@id=""SeasonStats1_dgSeason11_ctl00__21""]/td[21]","//*[@id=""SeasonStats1_dgSeason11_ctl00__21""]/td[4]",Starter,
243,Scott Kingery,Phi,2B,$1,Team Fink,17975,https://www.fangraphs.com/statss.aspx?playerid=17975&position=3B,"//*[@id=""SeasonStats1_dgSeason11_ctl00__10""]/td[21]","//*[@id=""SeasonStats1_dgSeason11_ctl00__10""]/td[4]",Bench,
256,Alex Cobb,FA,SP,$2,Team Fink,6562,http://www.fangraphs.com/statss.aspx?playerid=6562&position=P,"//*[@id=""SeasonStats1_dgSeason11_ctl00__30""]/td[19]","//*[@id=""SeasonStats1_dgSeason11_ctl00__30""]/td[8]",Starter,
260,Blake Parker,LAA,RP,$2,Team Fink,5224,https://www.fangraphs.com/statss.aspx?playerid=5224&position=P,"//*[@id=""SeasonStats1_dgSeason11_ctl00__34""]/td[19]","//*[@id=""SeasonStats1_dgSeason11_ctl00__34""]/td[8]",Starter,
263,Avisail Garcia,CWS,OF,$1,Team Fink,5760,https://www.fangraphs.com/statss.aspx?playerid=5760&position=OF,"//*[@id=""SeasonStats1_dgSeason11_ctl00__35""]/td[21]","//*[@id=""SeasonStats1_dgSeason11_ctl00__35""]/td[4]",Starter,
272,Logan Morrison,Min,1B,$1,Team Fink,9205,https://www.fangraphs.com/statss.aspx?playerid=9205&position=1B/OF,"//*[@id=""SeasonStats1_dgSeason11_ctl00__36""]/td[21]","//*[@id=""SeasonStats1_dgSeason11_ctl00__36""]/td[4]",Bench,
275,Shin-Soo Choo,Tex,OF,$2,Team Fink,3174,https://www.fangraphs.com/statss.aspx?playerid=3174&position=OF,"//*[@id=""SeasonStats1_dgSeason11_ctl00__46""]/td[21]","//*[@id=""SeasonStats1_dgSeason11_ctl00__46""]/td[4]",Bench,
281,Yonder Alonso,Cle,1B,$1,Team Fink,2530,https://www.fangraphs.com/statss.aspx?playerid=2530&position=1B,"//*[@id=""SeasonStats1_dgSeason11_ctl00__37""]/td[21]","//*[@id=""SeasonStats1_dgSeason11_ctl00__37""]/td[4]",Bench,
25,Eric Hosmer,SD,1B,$20,Team Brothers,3516,http://www.fangraphs.com/statss.aspx?playerid=3516&position=1B,"//*[@id=""SeasonStats1_dgSeason11_ctl00__30""]/td[21]","//*[@id=""SeasonStats1_dgSeason11_ctl00__30""]/td[4]",Starter,
44,Cody Bellinger,LAD,1B,$23,Team Brothers,15998,https://www.fangraphs.com/statss.aspx?playerid=15998&position=1B/OF,"//*[@id=""SeasonStats1_dgSeason11_ctl00__18""]/td[21]","//*[@id=""SeasonStats1_dgSeason11_ctl00__18""]/td[4]",Starter,
57,Stephen Strasburg,Wsh,SP,$29,Team Brothers,10131,http://www.fangraphs.com/statss.aspx?playerid=10131&position=P,"//*[@id=""SeasonStats1_dgSeason11_ctl00__34""]/td[19]","//*[@id=""SeasonStats1_dgSeason11_ctl00__34""]/td[8]",Starter,
66,Justin Verlander,Hou,SP,$22,Team Brothers,8700,http://www.fangraphs.com/statss.aspx?playerid=8700&position=P,"//*[@id=""SeasonStats1_dgSeason11_ctl00__42""]/td[19]","//*[@id=""SeasonStats1_dgSeason11_ctl00__42""]/td[8]",Starter,
68,Christian Yelich,Mil,OF,$18,Team Brothers,11477,http://www.fangraphs.com/statss.aspx?playerid=11477&position=OF,"//*[@id=""SeasonStats1_dgSeason11_ctl00__28""]/td[21]","//*[@id=""SeasonStats1_dgSeason11_ctl00__28""]/td[4]",Starter,
86,Stephen Piscotty,Oak,OF,$7,Team Brothers,13367,http://www.fangraphs.com/statss.aspx?playerid=13367&position=OF,"//*[@id=""SeasonStats1_dgSeason11_ctl00__22""]/td[21]","//*[@id=""SeasonStats1_dgSeason11_ctl00__22""]/td[4]",Bench,
89,Aroldis Chapman,NYY,RP,$9,Team Brothers,10233,http://www.fangraphs.com/statss.aspx?playerid=10233&position=P,"//*[@id=""SeasonStats1_dgSeason11_ctl00__35""]/td[19]","//*[@id=""SeasonStats1_dgSeason11_ctl00__35""]/td[8]",Starter,
97,Evan Gattis,Hou,C,$7,Team Brothers,11003,http://www.fangraphs.com/statss.aspx?playerid=11003&position=C/DH,"//*[@id=""SeasonStats1_dgSeason11_ctl00__29""]/td[21]","//*[@id=""SeasonStats1_dgSeason11_ctl00__29""]/td[4]",Starter,
102,Domingo Santana,Mil,OF,$8,Team Brothers,10348,http://www.fangraphs.com/statss.aspx?playerid=10348&position=OF,"//*[@id=""SeasonStats1_dgSeason11_ctl00__30""]/td[21]","//*[@id=""SeasonStats1_dgSeason11_ctl00__30""]/td[4]",Starter,
110,Wil Myers,SD,1B,$8,Team Brothers,10047,http://www.fangraphs.com/statss.aspx?playerid=10047&position=1B/OF,"//*[@id=""SeasonStats1_dgSeason11_ctl00__30""]/td[21]","//*[@id=""SeasonStats1_dgSeason11_ctl00__30""]/td[4]",Starter,OF
112,Kyle Hendricks,ChC,SP,$6,Team Brothers,12049,http://www.fangraphs.com/statss.aspx?playerid=12049&position=P,"//*[@id=""SeasonStats1_dgSeason11_ctl00__26""]/td[19]","//*[@id=""SeasonStats1_dgSeason11_ctl00__26""]/td[8]",Starter,
118,Steven Souza Jr.,Ari,OF,$5,Team Brothers,5667,https://www.fangraphs.com/statss.aspx?playerid=5667&position=OF,"//*[@id=""SeasonStats1_dgSeason11_ctl00__30""]/td[21]","//*[@id=""SeasonStats1_dgSeason11_ctl00__30""]/td[4]",Starter,
121,Yoenis Cespedes,NYM,OF,$10,Team Brothers,13110,http://www.fangraphs.com/statss.aspx?playerid=13110&position=OF,"//*[@id=""SeasonStats1_dgSeason11_ctl00__31""]/td[21]","//*[@id=""SeasonStats1_dgSeason11_ctl00__31""]/td[4]",Starter,
124,Cody Allen,Cle,RP,$7,Team Brothers,12183,http://www.fangraphs.com/statss.aspx?playerid=12183&position=P,"//*[@id=""SeasonStats1_dgSeason11_ctl00__28""]/td[19]","//*[@id=""SeasonStats1_dgSeason11_ctl00__28""]/td[8]",Starter,
131,Lance McCullers Jr.,Hou,SP,$9,Team Brothers,14120,https://www.fangraphs.com/statss.aspx?playerid=14120&position=P,"//*[@id=""SeasonStats1_dgSeason11_ctl00__24""]/td[19]","//*[@id=""SeasonStats1_dgSeason11_ctl00__24""]/td[8]",Starter,
137,Charlie Morton,Hou,SP,$7,Team Brothers,4676,http://www.fangraphs.com/statss.aspx?playerid=4676&position=P,"//*[@id=""SeasonStats1_dgSeason11_ctl00__44""]/td[19]","//*[@id=""SeasonStats1_dgSeason11_ctl00__44""]/td[8]",Starter,
141,Andrew Miller,Cle,RP,$7,Team Brothers,6785,http://www.fangraphs.com/statss.aspx?playerid=6785&position=P,"//*[@id=""SeasonStats1_dgSeason11_ctl00__56""]/td[19]","//*[@id=""SeasonStats1_dgSeason11_ctl00__56""]/td[8]",Starter,
145,Jake Arrieta,Phi,SP,$14,Team Brothers,4153,http://www.fangraphs.com/statss.aspx?playerid=4153&position=P,"//*[@id=""SeasonStats1_dgSeason11_ctl00__37""]/td[19]","//*[@id=""SeasonStats1_dgSeason11_ctl00__37""]/td[8]",Starter,
148,Julio Teheran,Atl,SP,$5,Team Brothers,6797,http://www.fangraphs.com/statss.aspx?playerid=6797&position=P,"//*[@id=""SeasonStats1_dgSeason11_ctl00__31""]/td[19]","//*[@id=""SeasonStats1_dgSeason11_ctl00__31""]/td[8]",Starter,
166,Brandon Morrow,ChC,RP,$3,Team Brothers,9346,https://www.fangraphs.com/statss.aspx?playerid=9346&position=P,"//*[@id=""SeasonStats1_dgSeason11_ctl00__48""]/td[19]","//*[@id=""SeasonStats1_dgSeason11_ctl00__48""]/td[8]",Bench,
167,Evan Longoria,SF,3B,$5,Team Brothers,9368,http://www.fangraphs.com/statss.aspx?playerid=9368&position=3B,"//*[@id=""SeasonStats1_dgSeason11_ctl00__38""]/td[21]","//*[@id=""SeasonStats1_dgSeason11_ctl00__38""]/td[4]",Starter,
179,Wade Davis,Col,RP,$2,Team Brothers,7441,http://www.fangraphs.com/statss.aspx?playerid=7441&position=P,"//*[@id=""SeasonStats1_dgSeason11_ctl00__39""]/td[19]","//*[@id=""SeasonStats1_dgSeason11_ctl00__39""]/td[8]",Bench,
189,Paul DeJong,StL,SS,$3,Team Brothers,18015,https://www.fangraphs.com/statss.aspx?playerid=18015&position=SS,"//*[@id=""SeasonStats1_dgSeason11_ctl00__13""]/td[21]","//*[@id=""SeasonStats1_dgSeason11_ctl00__13""]/td[4]",Starter,
190,Sean Doolittle,Wsh,RP,$2,Team Brothers,1581,https://www.fangraphs.com/statss.aspx?playerid=1581&position=P,"//*[@id=""SeasonStats1_dgSeason11_ctl00__34""]/td[19]","//*[@id=""SeasonStats1_dgSeason11_ctl00__34""]/td[8]",Starter,
192,Ian Happ,ChC,2B,$4,Team Brothers,17919,https://www.fangraphs.com/statss.aspx?playerid=17919&position=2B/OF,"//*[@id=""SeasonStats1_dgSeason11_ctl00__15""]/td[21]","//*[@id=""SeasonStats1_dgSeason11_ctl00__15""]/td[4]",Starter,
198,Alex Colome,TB,RP,$3,Team Brothers,6661,http://www.fangraphs.com/statss.aspx?playerid=6661&position=P,"//*[@id=""SeasonStats1_dgSeason11_ctl00__30""]/td[19]","//*[@id=""SeasonStats1_dgSeason11_ctl00__30""]/td[8]",Bench,
200,Ian Kinsler,LAA,2B,$3,Team Brothers,6195,http://www.fangraphs.com/statss.aspx?playerid=6195&position=2B,"//*[@id=""SeasonStats1_dgSeason11_ctl00__40""]/td[21]","//*[@id=""SeasonStats1_dgSeason11_ctl00__40""]/td[4]",Starter,
208,Brad Hand,SD,RP,$2,Team Brothers,9111,http://www.fangraphs.com/statss.aspx?playerid=9111&position=P,"//*[@id=""SeasonStats1_dgSeason11_ctl00__32""]/td[19]","//*[@id=""SeasonStats1_dgSeason11_ctl00__32""]/td[8]",Starter,
211,Jonathan Lucroy,Oak,C,$3,Team Brothers,7870,http://www.fangraphs.com/statss.aspx?playerid=7870&position=C,"//*[@id=""SeasonStats1_dgSeason11_ctl00__40""]/td[21]","//*[@id=""SeasonStats1_dgSeason11_ctl00__40""]/td[4]",Starter,
222,Ryan Zimmerman,Wsh,1B,$3,Team Brothers,4220,https://www.fangraphs.com/statss.aspx?playerid=4220&position=3B,"//*[@id=""SeasonStats1_dgSeason11_ctl00__47""]/td[21]","//*[@id=""SeasonStats1_dgSeason11_ctl00__47""]/td[4]",Bench,
18,Bryce Harper,Wsh,OF,$42,Team Baumgardner,11579,http://www.fangraphs.com/statss.aspx?playerid=11579&position=OF,"//*[@id=""SeasonStats1_dgSeason11_ctl00__30""]/td[21]","//*[@id=""SeasonStats1_dgSeason11_ctl00__30""]/td[4]",Starter,
26,Charlie Blackmon,Col,OF,$33,Team Baumgardner,7859,http://www.fangraphs.com/statss.aspx?playerid=7859&position=OF,"//*[@id=""SeasonStats1_dgSeason11_ctl00__30""]/td[21]","//*[@id=""SeasonStats1_dgSeason11_ctl00__30""]/td[4]",Starter,
30,Gio Gonzalez,Wsh,SP,$21,Team Baumgardner,7448,http://www.fangraphs.com/statss.aspx?playerid=7448&position=P,"//*[@id=""SeasonStats1_dgSeason11_ctl00__36""]/td[19]","//*[@id=""SeasonStats1_dgSeason11_ctl00__36""]/td[8]",Starter,
53,J.A. Happ,Tor,SP,$11,Team Baumgardner,7410,http://www.fangraphs.com/statss.aspx?playerid=7410&position=P,"//*[@id=""SeasonStats1_dgSeason11_ctl00__53""]/td[19]","//*[@id=""SeasonStats1_dgSeason11_ctl00__53""]/td[8]",Starter,
64,Sonny Gray,NYY,SP,$14,Team Baumgardner,12768,http://www.fangraphs.com/statss.aspx?playerid=12768&position=P,"//*[@id=""SeasonStats1_dgSeason11_ctl00__28""]/td[19]","//*[@id=""SeasonStats1_dgSeason11_ctl00__28""]/td[8]",Starter,
75,Dylan Bundy,Bal,SP,$7,Team Baumgardner,12917,http://www.fangraphs.com/statss.aspx?playerid=12917&position=P,"//*[@id=""SeasonStats1_dgSeason11_ctl00__18""]/td[19]","//*[@id=""SeasonStats1_dgSeason11_ctl00__18""]/td[8]",Starter,
77,Gary Sanchez,NYY,C,$21,Team Baumgardner,11442,http://www.fangraphs.com/statss.aspx?playerid=11442&position=C,"//*[@id=""SeasonStats1_dgSeason11_ctl00__26""]/td[21]","//*[@id=""SeasonStats1_dgSeason11_ctl00__26""]/td[4]",Starter,
80,Zack Greinke,Ari,SP,$18,Team Baumgardner,1943,http://www.fangraphs.com/statss.aspx?playerid=1943&position=P,"//*[@id=""SeasonStats1_dgSeason11_ctl00__48""]/td[19]","//*[@id=""SeasonStats1_dgSeason11_ctl00__48""]/td[8]",Starter,
85,Jordan Montgomery,NYY,SP,$7,Team Baumgardner,16511,https://www.fangraphs.com/statss.aspx?playerid=16511&position=P,"//*[@id=""SeasonStats1_dgSeason11_ctl00__17""]/td[19]","//*[@id=""SeasonStats1_dgSeason11_ctl00__17""]/td[8]",Starter,
92,Jean Segura,Sea,SS,$11,Team Baumgardner,5933,http://www.fangraphs.com/statss.aspx?playerid=5933&position=SS,"//*[@id=""SeasonStats1_dgSeason11_ctl00__32""]/td[21]","//*[@id=""SeasonStats1_dgSeason11_ctl00__32""]/td[4]",Starter,
96,Mike Moustakas,KC,3B,$13,Team Baumgardner,4892,http://www.fangraphs.com/statss.aspx?playerid=4892&position=3B,"//*[@id=""SeasonStats1_dgSeason11_ctl00__31""]/td[21]","//*[@id=""SeasonStats1_dgSeason11_ctl00__31""]/td[4]",Starter,
100,David Peralta,Ari,OF,$6,Team Baumgardner,2136,http://www.fangraphs.com/statss.aspx?playerid=2136&position=OF,"//*[@id=""SeasonStats1_dgSeason11_ctl00__21""]/td[21]","//*[@id=""SeasonStats1_dgSeason11_ctl00__21""]/td[4]",Starter,
103,Joey Gallo,Tex,3B,$11,Team Baumgardner,14128,https://www.fangraphs.com/statss.aspx?playerid=14128&position=1B/3B,"//*[@id=""SeasonStats1_dgSeason11_ctl00__22""]/td[21]","//*[@id=""SeasonStats1_dgSeason11_ctl00__22""]/td[4]",Starter,
114,Jonathan Schoop,Bal,2B,$14,Team Baumgardner,11265,http://www.fangraphs.com/statss.aspx?playerid=11265&position=2B,"//*[@id=""SeasonStats1_dgSeason11_ctl00__33""]/td[21]","//*[@id=""SeasonStats1_dgSeason11_ctl00__33""]/td[4]",Starter,
115,Rougned Odor,Tex,2B,$4,Team Baumgardner,12282,http://www.fangraphs.com/statss.aspx?playerid=12282&position=2B,"//*[@id=""SeasonStats1_dgSeason11_ctl00__25""]/td[21]","//*[@id=""SeasonStats1_dgSeason11_ctl00__25""]/td[4]",Starter,
125,Justin Smoak,Tor,1B,$6,Team Baumgardner,9054,https://www.fangraphs.com/statss.aspx?playerid=9054&position=1B,"//*[@id=""SeasonStats1_dgSeason11_ctl00__37""]/td[21]","//*[@id=""SeasonStats1_dgSeason11_ctl00__37""]/td[4]",Starter,
136,Adam Duvall,Cin,OF,$5,Team Baumgardner,10950,http://www.fangraphs.com/statss.aspx?playerid=10950&position=OF,"//*[@id=""SeasonStats1_dgSeason11_ctl00__22""]/td[21]","//*[@id=""SeasonStats1_dgSeason11_ctl00__22""]/td[4]",Starter,
151,Corey Dickerson,Pit,OF,$4,Team Baumgardner,10762,https://www.fangraphs.com/statss.aspx?playerid=10762&position=OF,"//*[@id=""SeasonStats1_dgSeason11_ctl00__25""]/td[21]","//*[@id=""SeasonStats1_dgSeason11_ctl00__25""]/td[4]",Starter,
177,Luke Weaver,StL,SP,$5,Team Baumgardner,3256,https://www.fangraphs.com/statss.aspx?playerid=16918&position=P,"//*[@id=""SeasonStats1_dgSeason11_ctl00__17""]/td[19]","//*[@id=""SeasonStats1_dgSeason11_ctl00__17""]/td[8]",Starter,
180,Welington Castillo,CWS,C,$5,Team Baumgardner,3256,http://www.fangraphs.com/statss.aspx?playerid=3256&position=C,"//*[@id=""SeasonStats1_dgSeason11_ctl00__40""]/td[21]","//*[@id=""SeasonStats1_dgSeason11_ctl00__40""]/td[4]",Starter,
201,Orlando Arcia,Mil,SS,$2,Team Baumgardner,13185,https://www.fangraphs.com/statss.aspx?playerid=13185&position=SS,"//*[@id=""SeasonStats1_dgSeason11_ctl00__16""]/td[21]","//*[@id=""SeasonStats1_dgSeason11_ctl00__16""]/td[4]",Bench,
202,Taijuan Walker,Ari,SP,$4,Team Baumgardner,11836,http://www.fangraphs.com/statss.aspx?playerid=11836&position=P,"//*[@id=""SeasonStats1_dgSeason11_ctl00__27""]/td[19]","//*[@id=""SeasonStats1_dgSeason11_ctl00__27""]/td[8]",Starter,
206,Marwin Gonzalez,Hou,SS,$3,Team Baumgardner,5497,https://www.fangraphs.com/statss.aspx?playerid=5497&position=SS,"//*[@id=""SeasonStats1_dgSeason11_ctl00__33""]/td[21]","//*[@id=""SeasonStats1_dgSeason11_ctl00__33""]/td[4]",Bench,
225,Kyle Schwarber,ChC,OF,$2,Team Baumgardner,16478,http://www.fangraphs.com/statss.aspx?playerid=16478&position=OF,"//*[@id=""SeasonStats1_dgSeason11_ctl00__22""]/td[21]","//*[@id=""SeasonStats1_dgSeason11_ctl00__22""]/td[4]",Bench,
244,Mike Leake,Sea,SP,$1,Team Baumgardner,10130,http://www.fangraphs.com/statss.aspx?playerid=10130&position=P,"//*[@id=""SeasonStats1_dgSeason11_ctl00__29""]/td[19]","//*[@id=""SeasonStats1_dgSeason11_ctl00__29""]/td[8]",Starter,
254,Jake Odorizzi,Min,SP,$1,Team Baumgardner,6397,http://www.fangraphs.com/statss.aspx?playerid=6397&position=P,"//*[@id=""SeasonStats1_dgSeason11_ctl00__29""]/td[19]","//*[@id=""SeasonStats1_dgSeason11_ctl00__29""]/td[8]",Starter,
282,Tyler Anderson,Col,SP,$1,Team Baumgardner,12880,http://www.fangraphs.com/statss.aspx?playerid=12880&position=P,"//*[@id=""SeasonStats1_dgSeason11_ctl00__20""]/td[19]","//*[@id=""SeasonStats1_dgSeason11_ctl00__20""]/td[8]",Starter,
289,Reynaldo Lopez,CWS,SP,$1,Team Baumgardner,16400,https://www.fangraphs.com/statss.aspx?playerid=16400&position=P,"//*[@id=""SeasonStats1_dgSeason11_ctl00__21""]/td[19]","//*[@id=""SeasonStats1_dgSeason11_ctl00__21""]/td[8]",Starter,
295,Jhoulys Chacin,Mil,SP,$1,Team Baumgardner,2608,https://www.fangraphs.com/statss.aspx?playerid=2608&position=P,"//*[@id=""SeasonStats1_dgSeason11_ctl00__41""]/td[19]","//*[@id=""SeasonStats1_dgSeason11_ctl00__41""]/td[8]",Bench,
301,Tyler Mahle,Cin,SP,$1,Team Baumgardner,16358,https://www.fangraphs.com/statss.aspx?playerid=16358&position=P,"//*[@id=""SeasonStats1_dgSeason11_ctl00__16""]/td[19]","//*[@id=""SeasonStats1_dgSeason11_ctl00__16""]/td[8]",Bench,
2,Mike Trout,LAA,OF,$65,Spend Nutting Win Nutting,10155,http://www.fangraphs.com/statss.aspx?playerid=10155&position=OF,"//*[@id=""SeasonStats1_dgSeason11_ctl00__29""]/td[21]","//*[@id=""SeasonStats1_dgSeason11_ctl00__29""]/td[4]",Starter,
4,Jose Altuve,Hou,2B,$45,Spend Nutting Win Nutting,5417,http://www.fangraphs.com/statss.aspx?playerid=5417&position=2B,"//*[@id=""SeasonStats1_dgSeason11_ctl00__31""]/td[21]","//*[@id=""SeasonStats1_dgSeason11_ctl00__31""]/td[4]",Starter,
19,Trevor Story,Col,SS,$14,Spend Nutting Win Nutting,12564,http://www.fangraphs.com/statss.aspx?playerid=12564&position=SS,"//*[@id=""SeasonStats1_dgSeason11_ctl00__21""]/td[21]","//*[@id=""SeasonStats1_dgSeason11_ctl00__21""]/td[4]",Starter,
32,Carlos Carrasco,Cle,SP,$30,Spend Nutting Win Nutting,6632,http://www.fangraphs.com/statss.aspx?playerid=6632&position=P,"//*[@id=""SeasonStats1_dgSeason11_ctl00__35""]/td[19]","//*[@id=""SeasonStats1_dgSeason11_ctl00__35""]/td[8]",Starter,
50,Travis Shaw,Mil,3B,$11,Spend Nutting Win Nutting,11982,https://www.fangraphs.com/statss.aspx?playerid=11982&position=1B/3B,"//*[@id=""SeasonStats1_dgSeason11_ctl00__22""]/td[21]","//*[@id=""SeasonStats1_dgSeason11_ctl00__22""]/td[4]",Starter,
54,Josh Harrison,Pit,2B,$9,Spend Nutting Win Nutting,8202,http://www.fangraphs.com/statss.aspx?playerid=8202&position=2B/3B,"//*[@id=""SeasonStats1_dgSeason11_ctl00__33""]/td[21]","//*[@id=""SeasonStats1_dgSeason11_ctl00__33""]/td[4]",Starter,
73,Jose Abreu,CWS,1B,$22,Spend Nutting Win Nutting,15676,http://www.fangraphs.com/statss.aspx?playerid=15676&position=1B,"//*[@id=""SeasonStats1_dgSeason11_ctl00__15""]/td[21]","//*[@id=""SeasonStats1_dgSeason11_ctl00__15""]/td[4]",Starter,
76,Yadier Molina,StL,C,$9,Spend Nutting Win Nutting,7007,http://www.fangraphs.com/statss.aspx?playerid=7007&position=C,"//*[@id=""SeasonStats1_dgSeason11_ctl00__45""]/td[21]","//*[@id=""SeasonStats1_dgSeason11_ctl00__45""]/td[4]",Starter,
79,Justin Upton,LAA,OF,$18,Spend Nutting Win Nutting,5222,http://www.fangraphs.com/statss.aspx?playerid=5222&position=OF,"//*[@id=""SeasonStats1_dgSeason11_ctl00__39""]/td[21]","//*[@id=""SeasonStats1_dgSeason11_ctl00__39""]/td[4]",Starter,
90,Gerrit Cole,Hou,SP,$15,Spend Nutting Win Nutting,13125,http://www.fangraphs.com/statss.aspx?playerid=13125&position=P,"//*[@id=""SeasonStats1_dgSeason11_ctl00__25""]/td[19]","//*[@id=""SeasonStats1_dgSeason11_ctl00__25""]/td[8]",Starter,
108,Randal Grichuk,Tor,OF,$5,Spend Nutting Win Nutting,10243,http://www.fangraphs.com/statss.aspx?playerid=10243&position=OF,"//*[@id=""SeasonStats1_dgSeason11_ctl00__30""]/td[21]","//*[@id=""SeasonStats1_dgSeason11_ctl00__30""]/td[4]",Starter,
117,Matt Olson,Oak,1B,$5,Spend Nutting Win Nutting,14344,https://www.fangraphs.com/statss.aspx?playerid=14344&position=1B/OF,"//*[@id=""SeasonStats1_dgSeason11_ctl00__18""]/td[21]","//*[@id=""SeasonStats1_dgSeason11_ctl00__18""]/td[4]",Starter,
132,Corey Knebel,Mil,RP,$6,Spend Nutting Win Nutting,15010,https://www.fangraphs.com/statss.aspx?playerid=15010&position=P,"//*[@id=""SeasonStats1_dgSeason11_ctl00__22""]/td[19]","//*[@id=""SeasonStats1_dgSeason11_ctl00__22""]/td[8]",Starter,
149,Ryan Braun,Mil,OF,$4,Spend Nutting Win Nutting,3410,http://www.fangraphs.com/statss.aspx?playerid=3410&position=OF,"//*[@id=""SeasonStats1_dgSeason11_ctl00__35""]/td[21]","//*[@id=""SeasonStats1_dgSeason11_ctl00__35""]/td[4]",Starter,
182,Rafael Devers,Bos,3B,$2,Spend Nutting Win Nutting,17350,https://www.fangraphs.com/statss.aspx?playerid=17350&position=3B,"//*[@id=""SeasonStats1_dgSeason11_ctl00__16""]/td[21]","//*[@id=""SeasonStats1_dgSeason11_ctl00__16""]/td[4]",Bench,
219,Josh Reddick,Hou,OF,$1,Spend Nutting Win Nutting,3892,https://www.fangraphs.com/statss.aspx?playerid=3892&position=OF,"//*[@id=""SeasonStats1_dgSeason11_ctl00__47""]/td[21]","//*[@id=""SeasonStats1_dgSeason11_ctl00__47""]/td[4]",Starter,
230,Jeurys Familia,NYM,RP,$1,Spend Nutting Win Nutting,5114,http://www.fangraphs.com/statss.aspx?playerid=5114&position=P,"//*[@id=""SeasonStats1_dgSeason11_ctl00__32""]/td[19]","//*[@id=""SeasonStats1_dgSeason11_ctl00__32""]/td[8]",Starter,
240,Mark Melancon,SF,RP,$1,Spend Nutting Win Nutting,4264,http://www.fangraphs.com/statss.aspx?playerid=4264&position=P,"//*[@id=""SeasonStats1_dgSeason11_ctl00__34""]/td[19]","//*[@id=""SeasonStats1_dgSeason11_ctl00__34""]/td[8]",Starter,
269,Archie Bradley,Ari,RP,$1,Spend Nutting Win Nutting,12918,https://www.fangraphs.com/statss.aspx?playerid=12918&position=P,"//*[@id=""SeasonStats1_dgSeason11_ctl00__25""]/td[19]","//*[@id=""SeasonStats1_dgSeason11_ctl00__25""]/td[8]",Starter,
278,Hector Neris,Phi,RP,$1,Spend Nutting Win Nutting,11804,http://www.fangraphs.com/statss.aspx?playerid=11804&position=P,"//*[@id=""SeasonStats1_dgSeason11_ctl00__22""]/td[19]","//*[@id=""SeasonStats1_dgSeason11_ctl00__22""]/td[8]",Starter,
286,Jose Peraza,Cin,SS,$1,Spend Nutting Win Nutting,13593,http://www.fangraphs.com/statss.aspx?playerid=13593&position=2B/SS,"//*[@id=""SeasonStats1_dgSeason11_ctl00__22""]/td[21]","//*[@id=""SeasonStats1_dgSeason11_ctl00__22""]/td[4]",Bench,
293,Tim Anderson,CWS,SS,$1,Spend Nutting Win Nutting,15172,http://www.fangraphs.com/statss.aspx?playerid=15172&position=SS,"//*[@id=""SeasonStats1_dgSeason11_ctl00__17""]/td[21]","//*[@id=""SeasonStats1_dgSeason11_ctl00__17""]/td[4]",Bench,
304,Blake Treinen,Oak,RP,$1,Spend Nutting Win Nutting,12572,http://www.fangraphs.com/statss.aspx?playerid=12572&position=P,"//*[@id=""SeasonStats1_dgSeason11_ctl00__24""]/td[19]","//*[@id=""SeasonStats1_dgSeason11_ctl00__24""]/td[8]",Starter,
308,Jorge Polanco,Min,SS,$1,Spend Nutting Win Nutting,13152,https://www.fangraphs.com/statss.aspx?playerid=13152&position=SS,"//*[@id=""SeasonStats1_dgSeason11_ctl00__16""]/td[21]","//*[@id=""SeasonStats1_dgSeason11_ctl00__16""]/td[4]",Bench,
312,Dellin Betances,NYY,RP,$1,Spend Nutting Win Nutting,6216,http://www.fangraphs.com/statss.aspx?playerid=6216&position=P,"//*[@id=""SeasonStats1_dgSeason11_ctl00__33""]/td[19]","//*[@id=""SeasonStats1_dgSeason11_ctl00__33""]/td[8]",Starter,
315,Cesar Hernandez,Phi,2B,$1,Spend Nutting Win Nutting,10556,http://www.fangraphs.com/statss.aspx?playerid=10556&position=2B,"//*[@id=""SeasonStats1_dgSeason11_ctl00__29""]/td[21]","//*[@id=""SeasonStats1_dgSeason11_ctl00__29""]/td[4]",Bench,
318,Zach Britton,Bal,RP,$1,Spend Nutting Win Nutting,3240,http://www.fangraphs.com/statss.aspx?playerid=3240&position=P,"//*[@id=""SeasonStats1_dgSeason11_ctl00__28""]/td[19]","//*[@id=""SeasonStats1_dgSeason11_ctl00__28""]/td[8]",Starter,
321,Michael Kopech,CWS,SP,$1,Spend Nutting Win Nutting,sa828680,https://www.fangraphs.com/statss.aspx?playerid=sa828680&position=P,"//*[@id=""SeasonStats1_dgSeason11_ctl00__12""]/td[19]","//*[@id=""SeasonStats1_dgSeason11_ctl00__12""]/td[8]",Starter,
324,Adam Wainwright,StL,SP,$1,Spend Nutting Win Nutting,2233,https://www.fangraphs.com/statss.aspx?playerid=2233&position=P,"//*[@id=""SeasonStats1_dgSeason11_ctl00__40""]/td[19]","//*[@id=""SeasonStats1_dgSeason11_ctl00__40""]/td[8]",Starter,
327,Matt Wieters,Wsh,C,$1,Spend Nutting Win Nutting,4298,http://www.fangraphs.com/statss.aspx?playerid=4298&position=C,"//*[@id=""SeasonStats1_dgSeason11_ctl00__34""]/td[21]","//*[@id=""SeasonStats1_dgSeason11_ctl00__34""]/td[4]",Starter,