"Name","Team","K/9","BB/9","K/BB","HR/9","K%","BB%","K-BB%","AVG","WHIP","BABIP","LOB%","ERA-","FIP-","xFIP-","ERA","FIP","E-F","xFIP","SIERA","playerid"
"Kenley Jansen","Dodgers","13.69","0.76","18.00","0.57","41.1 %","2.3 %","38.9 %",".165","0.68",".263","86.8 %","33","29","48","1.33","1.24","0.09","2.07","1.52","3096"
"Craig Kimbrel","Red Sox","16.39","1.54","10.63","0.77","49.1 %","4.6 %","44.5 %",".148","0.69",".274","91.8 %","34","30","31","1.54","1.32","0.22","1.35","1.11","6655"
"Tommy Kahnle","- - -","14.62","1.42","10.29","0.61","41.4 %","4.0 %","37.4 %",".206","0.92",".344","74.7 %","55","31","43","2.44","1.38","1.06","1.86","1.63","11384"
"Roberto Osuna","Blue Jays","12.33","0.98","12.60","0.39","36.2 %","2.9 %","33.3 %",".186","0.78",".284","68.2 %","62","32","56","2.74","1.42","1.32","2.44","1.97","13764"
"Trevor Rosenthal","Cardinals","14.41","3.65","3.94","0.41","38.6 %","9.8 %","28.8 %",".195","1.13",".330","73.2 %","77","44","56","3.25","1.88","1.37","2.41","2.47","10745"
"Joakim Soria","Royals","10.80","2.70","4.00","0.19","28.9 %","7.2 %","21.7 %",".240","1.22",".344","70.7 %","73","46","63","3.28","1.98","1.30","2.77","2.80","6941"
"Chris Sale","Red Sox","12.68","1.64","7.71","0.76","36.1 %","4.7 %","31.4 %",".196","0.91",".291","75.5 %","59","48","61","2.70","2.07","0.63","2.68","2.54","10603"
"Pat Neshek","- - -","10.20","1.00","10.20","0.60","30.2 %","3.0 %","27.2 %",".207","0.87",".282","86.2 %","35","47","74","1.60","2.07","-0.47","3.18","2.62","4682"
"Andrew Miller","Indians","13.00","2.50","5.20","0.50","37.5 %","7.2 %","30.3 %",".138","0.76",".215","83.7 %","38","47","61","1.67","2.08","-0.42","2.65","2.28","6785"
"Corey Knebel","Brewers","15.95","5.26","3.03","0.53","42.9 %","14.2 %","28.8 %",".171","1.19",".322","91.7 %","36","48","63","1.58","2.17","-0.59","2.72","2.67","15010"
"Blake Parker","Angels","11.54","2.61","4.43","0.56","33.3 %","7.5 %","25.8 %",".169","0.89",".243","79.9 %","49","53","62","2.05","2.25","-0.20","2.69","2.60","5224"
"Ryan Madson","- - -","9.53","1.39","6.86","0.40","28.9 %","4.2 %","24.7 %",".179","0.77",".245","82.4 %","43","53","57","1.79","2.26","-0.47","2.47","2.39","1852"
"Chad Green","Yankees","12.92","2.31","5.58","0.77","39.0 %","7.0 %","32.0 %",".139","0.73",".207","88.8 %","40","50","64","1.74","2.28","-0.55","2.81","2.18","15552"
"Archie Bradley","Diamondbacks","10.33","1.81","5.70","0.54","29.4 %","5.2 %","24.2 %",".202","0.95",".276","91.3 %","32","53","67","1.45","2.29","-0.84","2.87","2.72","12918"
"James Paxton","Mariners","10.48","2.54","4.13","0.40","28.8 %","7.0 %","21.8 %",".215","1.09",".301","75.6 %","64","54","72","2.70","2.31","0.39","3.13","3.37","11828"
"Felipe Rivero","Pirates","10.67","2.10","5.08","0.49","31.3 %","6.2 %","25.1 %",".138","0.72",".190","82.5 %","23","56","67","0.97","2.33","-1.36","2.88","2.59","12076"
"Nick Vincent","Mariners","6.94","1.54","4.50","0.19","19.8 %","4.4 %","15.4 %",".224","1.01",".277","83.3 %","41","56","101","1.74","2.39","-0.65","4.40","3.94","7555"
"Ken Giles","Astros","11.25","3.15","3.57","0.45","31.3 %","8.8 %","22.5 %",".186","1.03",".269","74.0 %","69","56","79","2.93","2.41","0.51","3.45","3.04","12910"
"Brad Hand","Padres","11.73","2.25","5.21","0.64","33.5 %","6.4 %","27.1 %",".190","0.93",".276","85.3 %","47","57","62","1.93","2.43","-0.50","2.67","2.49","9111"
"Corey Kluber","Indians","12.52","2.04","6.14","0.95","35.8 %","5.8 %","30.0 %",".200","0.95",".291","77.6 %","63","56","54","2.77","2.45","0.31","2.38","2.60","2429"
"Anthony Swarzak","- - -","10.06","2.35","4.29","0.50","29.0 %","6.8 %","22.2 %",".208","1.01",".287","82.7 %","49","55","84","2.18","2.47","-0.29","3.66","3.08","7466"
"Greg Holland","Rockies","11.83","4.02","2.94","0.45","34.0 %","11.5 %","22.4 %",".167","1.02",".253","89.0 %","31","54","84","1.56","2.50","-0.93","3.61","3.13","7196"
"Mike Minor","Royals","9.73","2.35","4.14","0.50","27.4 %","6.6 %","20.8 %",".198","0.99",".265","76.3 %","56","59","83","2.52","2.54","-0.03","3.64","3.20","10021"
"Dellin Betances","Yankees","16.24","7.02","2.31","0.22","41.1 %","17.8 %","23.3 %",".147","1.29",".294","81.3 %","55","56","71","2.41","2.55","-0.14","3.10","3.39","6216"
"Alex Wood","Dodgers","9.66","2.50","3.86","0.43","27.0 %","7.0 %","20.0 %",".202","1.02",".272","76.7 %","57","61","68","2.33","2.56","-0.24","2.93","3.21","13781"
"Adam Warren","Yankees","8.47","2.36","3.58","0.39","24.6 %","6.9 %","17.7 %",".154","0.81",".197","68.2 %","45","59","88","1.97","2.68","-0.71","3.82","3.47","9029"
"Raisel Iglesias","Reds","10.57","3.52","3.00","0.50","30.0 %","10.0 %","20.0 %",".175","1.01",".244","84.3 %","42","61","76","1.84","2.69","-0.85","3.26","3.25","17130"
"Juan Nicasio","Pirates","9.12","3.04","3.00","0.36","24.8 %","8.3 %","16.5 %",".219","1.15",".291","80.4 %","56","66","86","2.32","2.76","-0.44","3.69","3.59","7731"
"Yusmeiro Petit","Angels","9.34","1.87","5.00","0.72","26.4 %","5.3 %","21.1 %",".211","0.99",".272","75.0 %","59","65","90","2.44","2.77","-0.33","3.92","3.30","4020"
"Jim Johnson","Braves","10.64","3.35","3.18","0.59","27.4 %","8.6 %","18.8 %",".229","1.27",".311","71.2 %","92","67","81","3.94","2.81","1.13","3.47","3.34","3656"
"Max Scherzer","Nationals","12.36","2.21","5.58","1.05","35.7 %","6.4 %","29.3 %",".168","0.84",".233","83.2 %","51","66","71","2.21","2.83","-0.61","3.08","2.74","3137"
"Ross Stripling","Dodgers","9.00","2.12","4.25","0.71","23.9 %","5.6 %","18.3 %",".264","1.27",".336","75.8 %","86","68","76","3.53","2.87","0.66","3.27","3.30","13273"
"Luis Severino","Yankees","10.38","2.37","4.37","0.81","28.2 %","6.5 %","21.7 %",".221","1.10",".293","76.8 %","68","64","71","2.98","2.91","0.07","3.10","3.31","15890"
"Clayton Kershaw","Dodgers","10.70","1.53","7.00","1.15","31.1 %","4.4 %","26.6 %",".195","0.88",".251","90.2 %","50","69","63","2.04","2.93","-0.89","2.72","2.89","2036"
"Matt Barnes","Red Sox","10.36","3.91","2.65","0.51","28.6 %","10.8 %","17.8 %",".196","1.13",".272","70.4 %","74","68","74","3.40","2.93","0.46","3.24","3.36","12863"
"Lance McCullers","Astros","10.05","3.07","3.28","0.51","26.0 %","7.9 %","18.1 %",".245","1.29",".331","69.0 %","92","68","70","3.92","2.95","0.97","3.05","3.30","14120"
"Brad Peacock","Astros","11.79","4.74","2.49","0.55","31.2 %","12.5 %","18.7 %",".201","1.26",".296","77.6 %","75","68","88","3.20","2.97","0.23","3.85","3.82","5401"
"Zack Godley","Diamondbacks","9.16","2.77","3.31","0.57","26.0 %","7.9 %","18.2 %",".193","1.00",".252","74.8 %","63","69","75","2.86","2.98","-0.12","3.21","3.56","14862"
"Jake McGee","Rockies","10.23","2.61","3.92","0.87","28.5 %","7.3 %","21.2 %",".216","1.09",".284","76.1 %","64","65","81","3.27","2.99","0.27","3.50","3.16","7550"
"Brian Duensing","Cubs","10.29","1.94","5.30","0.97","28.2 %","5.3 %","22.9 %",".222","1.06",".288","88.6 %","54","70","77","2.33","3.03","-0.70","3.32","2.95","4064"
"Brandon Maurer","- - -","9.00","2.05","4.40","0.82","23.8 %","5.4 %","18.4 %",".264","1.27",".333","54.5 %","142","72","87","5.93","3.07","2.86","3.75","3.46","4878"
"Jimmy Nelson","Brewers","10.03","2.15","4.66","0.94","27.2 %","5.8 %","21.4 %",".250","1.20",".328","76.3 %","76","69","72","3.37","3.10","0.26","3.11","3.34","10547"
"Chris Devenski","Astros","11.74","2.49","4.71","1.17","34.0 %","7.2 %","26.8 %",".166","0.86",".217","79.4 %","65","71","69","2.79","3.11","-0.32","3.03","2.61","12763"
"David Robertson","- - -","12.54","2.34","5.36","1.28","35.5 %","6.6 %","28.9 %",".190","0.94",".261","89.3 %","58","69","67","2.55","3.12","-0.56","2.91","2.40","8241"
"Brad Brach","Orioles","9.96","2.49","4.00","0.96","28.7 %","7.2 %","21.6 %",".185","0.94",".234","78.4 %","60","70","84","2.68","3.14","-0.46","3.65","3.15","6627"
"Blake Wood","Reds","9.80","4.13","2.38","0.52","25.1 %","10.6 %","14.5 %",".257","1.45",".345","70.1 %","87","71","83","3.78","3.14","0.64","3.58","3.66","1345"
"Randall Delgado","Diamondbacks","8.62","2.01","4.29","0.86","23.2 %","5.4 %","17.8 %",".245","1.18",".302","65.6 %","79","72","82","3.59","3.14","0.45","3.51","3.57","5985"
"Stephen Strasburg","Nationals","10.43","2.74","3.81","0.89","28.1 %","7.4 %","20.7 %",".215","1.12",".283","74.1 %","75","74","81","3.25","3.14","0.12","3.51","3.55","10131"
"Scott Alexander","Royals","7.33","3.98","1.84","0.21","19.9 %","10.8 %","9.1 %",".242","1.33",".306","75.5 %","51","73","75","2.30","3.14","-0.84","3.29","3.09","10591"
"Chris Archer","Rays","11.07","2.80","3.96","1.03","29.3 %","7.4 %","21.9 %",".242","1.24",".325","72.5 %","92","75","77","3.89","3.19","0.70","3.37","3.45","6345"
"Nick Goody","Indians","11.60","3.79","3.06","0.89","31.7 %","10.4 %","21.3 %",".199","1.14",".278","82.1 %","50","73","85","2.23","3.19","-0.96","3.71","3.24","13685"
"Aaron Nola","Phillies","9.40","2.65","3.55","0.85","25.5 %","7.2 %","18.3 %",".236","1.19",".301","79.5 %","74","72","82","3.16","3.20","-0.04","3.51","3.70","16149"
"Sonny Gray","- - -","8.74","2.88","3.03","0.70","23.4 %","7.7 %","15.7 %",".224","1.17",".281","63.2 %","81","75","76","3.41","3.20","0.21","3.33","3.73","12768"
"Madison Bumgarner","Giants","8.49","1.67","5.09","0.91","23.1 %","4.6 %","18.6 %",".223","1.04",".269","80.9 %","71","79","92","2.88","3.22","-0.34","3.95","3.83","5524"
"Zack Greinke","Diamondbacks","9.93","1.71","5.81","1.20","28.0 %","4.8 %","23.2 %",".223","1.03",".279","76.2 %","68","75","74","3.10","3.24","-0.14","3.19","3.26","1943"
"Brent Suter","Brewers","7.87","2.15","3.67","0.72","21.3 %","5.8 %","15.5 %",".254","1.21",".310","76.7 %","68","73","92","3.04","3.26","-0.22","3.96","3.99","13942"
"David Phelps","- - -","10.40","3.69","2.82","0.84","27.7 %","9.8 %","17.9 %",".238","1.30",".319","76.2 %","79","78","79","3.35","3.27","0.08","3.42","3.47","6316"
"Addison Reed","- - -","8.83","1.04","8.50","1.21","24.3 %","2.9 %","21.4 %",".250","1.10",".301","89.0 %","63","76","87","2.60","3.27","-0.68","3.75","3.20","10586"
"Justin Wilson","- - -","12.05","3.95","3.05","1.04","33.3 %","10.9 %","22.4 %",".168","1.04",".228","81.6 %","62","75","82","2.70","3.28","-0.58","3.58","3.12","4301"
"Dominic Leone","Blue Jays","9.62","3.70","2.60","0.74","26.8 %","10.3 %","16.5 %",".184","1.07",".237","77.6 %","58","75","100","2.59","3.30","-0.72","4.35","3.78","13763"
"Danny Duffy","Royals","7.08","2.42","2.93","0.58","19.2 %","6.6 %","12.6 %",".261","1.26",".314","76.0 %","76","77","106","3.42","3.32","0.09","4.64","4.54","3542"
"Paul Sewald","Mets","10.68","2.91","3.67","0.97","28.1 %","7.7 %","20.4 %",".242","1.25",".322","72.2 %","104","77","94","4.27","3.33","0.94","4.04","3.37","13892"
"Brandon McCarthy","Dodgers","6.85","2.60","2.64","0.52","18.4 %","7.0 %","11.5 %",".248","1.23",".297","68.9 %","94","79","101","3.84","3.34","0.51","4.37","4.57","4662"
"Luis Garcia","Phillies","6.56","3.38","1.94","0.38","17.7 %","9.1 %","8.6 %",".222","1.21",".266","79.7 %","62","76","102","2.63","3.35","-0.72","4.40","4.33","6984"
"Pedro Strop","Cubs","10.10","3.95","2.56","0.66","27.1 %","10.6 %","16.5 %",".188","1.12",".250","78.1 %","56","78","82","2.41","3.38","-0.97","3.52","3.28","4070"
"Michael Fulmer","Tigers","6.41","1.99","3.23","0.64","17.5 %","5.4 %","12.0 %",".237","1.13",".275","66.7 %","82","78","94","3.59","3.43","0.16","4.11","4.32","13218"
"Chase Anderson","Brewers","8.47","2.69","3.15","0.80","23.4 %","7.4 %","16.0 %",".220","1.11",".272","78.7 %","65","77","100","2.89","3.44","-0.55","4.31","4.14","6895"
"Hector Rondon","Cubs","11.01","3.53","3.12","1.04","30.1 %","9.7 %","20.5 %",".215","1.18",".290","68.9 %","92","80","76","3.95","3.44","0.51","3.25","3.16","2391"
"Cody Allen","Indians","12.05","3.12","3.87","1.25","31.2 %","8.1 %","23.1 %",".237","1.27",".324","80.3 %","75","78","85","3.32","3.44","-0.12","3.73","3.02","12183"
"Ryan Tepera","Blue Jays","9.48","3.70","2.57","0.64","26.1 %","10.2 %","15.9 %",".192","1.09",".252","69.5 %","76","78","99","3.38","3.46","-0.09","4.31","3.77","10291"
"Bryan Shaw","Indians","6.71","3.18","2.11","0.53","18.3 %","8.7 %","9.6 %",".253","1.29",".302","64.7 %","80","79","90","3.53","3.47","0.06","3.93","3.98","8110"
"Michael Wacha","Cardinals","8.95","2.93","3.06","0.89","23.9 %","7.8 %","16.1 %",".255","1.30",".321","73.5 %","86","81","85","3.66","3.47","0.19","3.66","3.95","14078"
"Dallas Keuchel","Astros","7.96","2.47","3.22","0.86","22.8 %","7.1 %","15.7 %",".203","1.00",".242","86.7 %","50","80","71","2.15","3.47","-1.32","3.12","3.39","9434"
"Carl Edwards Jr.","Cubs","12.89","5.93","2.17","0.82","35.6 %","16.4 %","19.2 %",".129","1.09",".188","78.3 %","71","81","80","3.07","3.50","-0.44","3.45","3.67","13607"
"Jameson Taillon","Pirates","8.59","2.94","2.92","0.79","21.4 %","7.3 %","14.1 %",".295","1.53",".368","70.6 %","114","84","85","4.74","3.50","1.24","3.66","4.01","11674"
"Tyler Duffey","Twins","8.82","2.16","4.08","1.08","22.6 %","5.5 %","17.1 %",".265","1.32",".322","70.0 %","101","80","86","4.50","3.52","0.98","3.74","3.45","13758"
"Jeff Samardzija","Giants","9.48","1.19","7.95","1.38","25.6 %","3.2 %","22.3 %",".263","1.17",".322","65.4 %","117","87","74","4.77","3.53","1.24","3.20","3.34","3254"
"Jacob Faria","Rays","8.96","3.21","2.79","0.80","24.4 %","8.7 %","15.6 %",".215","1.14",".270","81.3 %","66","84","99","2.81","3.56","-0.75","4.32","4.17","13699"
"Alex Claudio","Rangers","5.46","2.03","2.69","0.62","15.9 %","5.9 %","10.0 %",".218","1.01",".246","78.7 %","55","80","77","2.50","3.56","-1.06","3.36","3.08","12890"
"Vance Worley","Marlins","7.08","2.43","2.91","0.66","18.3 %","6.3 %","12.0 %",".286","1.40",".341","64.5 %","125","85","95","5.31","3.56","1.75","4.08","4.12","6435"
"Liam Hendriks","Athletics","11.60","3.80","3.05","1.20","29.0 %","9.5 %","19.5 %",".249","1.42",".333","64.8 %","129","83","82","5.40","3.56","1.84","3.57","3.35","3548"
"Nick Wittgren","Marlins","9.14","2.76","3.31","1.06","23.6 %","7.1 %","16.5 %",".272","1.39",".339","71.2 %","110","85","100","4.68","3.56","1.11","4.30","3.76","15594"
"Hector Neris","Phillies","9.54","3.24","2.94","0.90","25.0 %","8.5 %","16.5 %",".236","1.26",".301","83.1 %","72","81","102","3.06","3.58","-0.52","4.41","3.79","11804"
"Zach McAllister","Indians","10.20","3.02","3.38","1.13","28.7 %","8.5 %","20.2 %",".216","1.11",".279","92.1 %","51","82","84","2.27","3.58","-1.31","3.66","3.29","2895"
"Scott Oberg","Rockies","8.44","3.80","2.22","0.63","19.9 %","9.0 %","11.0 %",".315","1.76",".391","64.6 %","116","77","95","5.91","3.59","2.32","4.09","3.92","13911"
"Jesse Hahn","Athletics","7.11","3.49","2.04","0.52","17.4 %","8.5 %","8.9 %",".273","1.51",".326","60.6 %","126","84","104","5.30","3.60","1.70","4.54","4.75","13287"
"Blake Treinen","- - -","7.90","2.94","2.69","0.73","20.3 %","7.6 %","12.7 %",".290","1.47",".356","69.2 %","110","85","88","4.78","3.61","1.17","3.78","3.53","12572"
"Michael Feliz","Astros","13.10","4.03","3.25","1.41","32.5 %","10.0 %","22.5 %",".256","1.48",".361","71.2 %","118","83","82","5.04","3.61","1.43","3.56","3.12","11903"
"Oliver Drake","- - -","10.29","3.64","2.82","1.07","25.8 %","9.1 %","16.7 %",".284","1.55",".371","69.0 %","111","81","74","4.93","3.62","1.31","3.21","3.43","8823"
"Brandon Kintzler","- - -","5.51","2.28","2.42","0.57","15.3 %","6.4 %","9.0 %",".234","1.12",".266","78.7 %","60","83","92","2.66","3.63","-0.96","4.00","3.99","9939"
"Jon Gray","Rockies","8.82","2.82","3.13","1.06","22.3 %","7.1 %","15.2 %",".288","1.49",".355","69.5 %","97","79","85","4.94","3.65","1.29","3.65","3.99","14916"
"Shane Greene","Tigers","9.60","4.89","1.96","0.54","25.6 %","13.0 %","12.6 %",".176","1.17",".233","83.0 %","58","83","102","2.54","3.66","-1.13","4.45","4.16","10756"
"Chase Whitley","Rays","5.94","2.68","2.21","0.57","16.5 %","7.5 %","9.0 %",".192","1.00",".217","67.0 %","81","86","120","3.45","3.67","-0.22","5.22","4.74","10982"
"Jacob deGrom","Mets","10.58","2.86","3.70","1.31","28.8 %","7.8 %","21.0 %",".227","1.17",".291","80.5 %","82","85","78","3.36","3.67","-0.31","3.37","3.51","10954"
"Mychal Givens","Orioles","9.61","2.32","4.14","1.16","27.0 %","6.5 %","20.5 %",".198","0.98",".242","89.0 %","56","82","85","2.48","3.67","-1.19","3.73","3.22","10430"
"Drew Pomeranz","Red Sox","9.47","3.36","2.82","1.04","24.8 %","8.8 %","16.0 %",".251","1.34",".317","78.8 %","73","85","87","3.36","3.69","-0.33","3.81","4.06","11426"
"Bud Norris","Angels","11.34","4.33","2.62","1.03","30.2 %","11.5 %","18.7 %",".201","1.21",".273","77.1 %","89","87","80","3.71","3.69","0.02","3.50","3.44","9492"
"James Pazos","Mariners","10.84","3.98","2.72","0.89","26.6 %","9.8 %","16.9 %",".236","1.38",".315","68.6 %","95","86","78","3.98","3.71","0.28","3.39","3.32","13323"
"Alex Colome","Rays","7.28","3.73","1.95","0.53","18.7 %","9.6 %","9.1 %",".226","1.28",".272","73.7 %","80","87","111","3.38","3.71","-0.34","4.84","4.49","6661"
"German Marquez","Rockies","8.74","2.88","3.03","0.96","22.7 %","7.5 %","15.2 %",".252","1.30",".310","73.8 %","81","80","97","4.11","3.72","0.38","4.20","4.17","15038"
"Sean Manaea","Athletics","8.61","3.03","2.85","0.93","22.7 %","8.0 %","14.7 %",".247","1.28",".304","70.9 %","93","87","96","3.88","3.73","0.14","4.20","4.20","15873"
"Matt Albers","Nationals","9.60","2.90","3.31","1.12","26.4 %","8.0 %","18.4 %",".196","1.04",".240","89.2 %","51","88","81","2.23","3.73","-1.50","3.49","3.33","4300"
"Carlos Carrasco","Indians","9.79","2.45","4.00","1.22","26.9 %","6.7 %","20.2 %",".238","1.15",".300","76.4 %","88","85","81","3.89","3.74","0.15","3.55","3.59","6632"
"Brett Cecil","Cardinals","8.10","2.70","3.00","1.04","21.2 %","7.1 %","14.1 %",".269","1.36",".323","76.9 %","83","88","92","3.53","3.74","-0.21","3.96","3.86","2660"
"Jared Hughes","Brewers","7.89","3.53","2.24","0.62","20.9 %","9.3 %","11.5 %",".248","1.32",".308","73.9 %","84","83","92","3.74","3.74","0.00","3.95","3.78","9325"
"Hunter Strickland","Giants","9.00","5.49","1.64","0.44","22.7 %","13.8 %","8.8 %",".240","1.51",".315","88.2 %","54","92","122","2.20","3.75","-1.55","5.24","4.70","7836"
"Arodys Vizcaino","Braves","9.37","2.90","3.23","1.12","25.3 %","7.8 %","17.5 %",".212","1.12",".260","87.5 %","57","90","99","2.45","3.78","-1.33","4.24","3.60","5498"
"Carlos Martinez","Cardinals","9.68","3.46","2.80","1.09","26.0 %","9.3 %","16.7 %",".222","1.21",".280","75.2 %","85","89","84","3.59","3.80","-0.21","3.63","3.89","11682"
"Kenta Maeda","Dodgers","8.53","2.37","3.60","1.14","23.0 %","6.4 %","16.6 %",".232","1.15",".277","73.8 %","93","90","94","3.79","3.80","-0.01","4.03","4.02","18498"
"Jose Berrios","Twins","8.14","2.68","3.04","0.89","21.9 %","7.2 %","14.7 %",".227","1.15",".274","70.7 %","81","87","104","3.57","3.81","-0.24","4.52","4.27","14168"
"Yu Darvish","- - -","9.88","2.88","3.43","1.25","26.8 %","7.8 %","19.0 %",".219","1.14",".272","75.2 %","84","86","85","3.81","3.81","0.00","3.72","3.76","13074"
"Danny Salazar","Indians","12.60","3.96","3.18","1.44","32.8 %","10.3 %","22.5 %",".235","1.33",".327","75.1 %","98","87","75","4.32","3.82","0.50","3.26","3.43","5867"
"Matt Bowman","Cardinals","7.16","2.45","2.92","0.82","19.4 %","6.7 %","12.8 %",".226","1.11",".264","67.5 %","87","90","94","3.68","3.82","-0.14","4.05","3.77","13528"
"Jacob Barnes","Brewers","10.03","3.65","2.75","1.09","26.6 %","9.7 %","16.9 %",".227","1.26",".290","71.9 %","94","85","80","4.20","3.83","0.37","3.44","3.45","12323"
"Matt Bush","Rangers","10.49","3.79","2.76","1.12","25.5 %","9.2 %","16.3 %",".261","1.49",".336","72.7 %","69","87","99","3.12","3.83","-0.71","4.34","3.73","1246"
"Taijuan Walker","Diamondbacks","8.40","3.09","2.72","0.94","21.7 %","8.0 %","13.7 %",".234","1.26",".282","71.8 %","80","88","98","3.60","3.84","-0.24","4.22","4.27","11836"
"Cory Gearrin","Giants","7.59","4.76","1.59","0.35","20.0 %","12.6 %","7.4 %",".224","1.33",".283","85.5 %","52","94","111","2.12","3.85","-1.73","4.80","4.68","7947"
"Pedro Baez","Dodgers","8.29","3.47","2.39","0.96","22.2 %","9.3 %","12.9 %",".205","1.16",".242","93.6 %","43","91","105","1.74","3.85","-2.11","4.51","4.13","5420"
"Marcus Stroman","Blue Jays","7.42","2.86","2.59","0.91","20.0 %","7.7 %","12.3 %",".262","1.30",".311","79.2 %","72","88","83","3.19","3.87","-0.68","3.63","3.85","13431"
"Charlie Morton","Astros","9.82","3.40","2.89","1.04","25.6 %","8.9 %","16.8 %",".224","1.23",".285","75.1 %","89","89","85","3.78","3.87","-0.10","3.72","3.85","4676"
"Chris Rusin","Rockies","7.41","2.31","3.20","1.08","20.5 %","6.4 %","14.1 %",".225","1.10",".258","77.9 %","55","84","86","2.78","3.88","-1.10","3.72","3.61","9895"
"Joe Biagini","Blue Jays","7.61","3.02","2.52","0.94","19.8 %","7.9 %","12.0 %",".252","1.32",".298","60.0 %","115","88","90","5.11","3.88","1.23","3.95","4.04","13194"
"A.J. Ramos","- - -","10.37","4.97","2.09","0.86","26.5 %","12.7 %","13.8 %",".212","1.34",".279","74.4 %","92","93","104","3.89","3.88","0.00","4.47","4.06","8350"
"Wandy Peralta","Reds","8.38","2.79","3.00","1.12","23.4 %","7.8 %","15.6 %",".210","1.08",".248","78.5 %","72","87","86","3.17","3.88","-0.72","3.70","3.50","14295"
"Heath Hembree","Red Sox","9.60","2.17","4.42","1.45","24.8 %","5.6 %","19.2 %",".284","1.39",".350","79.9 %","75","90","93","3.44","3.88","-0.44","4.04","3.42","11632"
"Trevor Williams","Pirates","6.48","2.65","2.45","0.82","16.8 %","6.8 %","9.9 %",".261","1.33",".299","67.0 %","107","93","103","4.47","3.89","0.58","4.43","4.57","16977"
"Robbie Ray","Diamondbacks","11.45","4.40","2.60","1.21","30.6 %","11.8 %","18.9 %",".204","1.23",".272","83.7 %","69","90","90","3.11","3.89","-0.78","3.87","3.87","11486"
"Trevor Bauer","Indians","9.85","3.49","2.82","1.19","25.3 %","9.0 %","16.3 %",".270","1.45",".343","69.7 %","113","89","85","5.00","3.89","1.11","3.71","3.98","12703"
"Luke Gregerson","Astros","10.97","3.16","3.47","1.48","28.6 %","8.2 %","20.3 %",".240","1.29",".306","79.7 %","94","90","77","4.01","3.89","0.12","3.38","3.19","4090"
"Ty Blach","Giants","4.46","1.93","2.31","0.74","11.9 %","5.2 %","6.8 %",".275","1.30",".297","67.4 %","104","95","110","4.24","3.89","0.35","4.74","5.09","14361"
"Kyle Barraclough","Marlins","9.71","6.02","1.61","0.58","24.2 %","15.0 %","9.2 %",".223","1.51",".295","76.4 %","78","93","110","3.30","3.90","-0.59","4.74","4.65","13713"
"Austin Pruitt","Rays","7.74","2.30","3.36","1.05","18.8 %","5.6 %","13.2 %",".306","1.56",".362","60.3 %","134","92","95","5.65","3.91","1.74","4.13","4.00","15290"
"Jon Lester","Cubs","9.34","2.82","3.31","1.28","25.1 %","7.6 %","17.5 %",".242","1.23",".296","69.3 %","92","91","84","3.96","3.92","0.05","3.60","3.80","4930"
"Alex Wilson","Tigers","5.60","2.40","2.33","0.80","14.4 %","6.2 %","8.3 %",".265","1.33",".295","66.8 %","91","89","116","4.00","3.92","0.08","5.05","4.71","9239"
"Adam Wainwright","Cardinals","7.75","2.85","2.71","0.98","19.6 %","7.2 %","12.4 %",".274","1.42",".325","68.2 %","115","92","94","4.89","3.92","0.98","4.04","4.30","2233"
"Edwin Diaz","Mariners","12.54","3.86","3.25","1.54","33.2 %","10.2 %","23.0 %",".189","1.14",".245","79.4 %","74","92","82","3.09","3.93","-0.85","3.57","3.04","14710"
"Chad Kuhl","Pirates","7.41","3.79","1.96","0.74","19.1 %","9.8 %","9.3 %",".266","1.45",".320","69.6 %","109","94","108","4.53","3.94","0.59","4.64","4.83","14975"
"Jose Ramirez","Braves","8.26","4.03","2.05","0.81","23.4 %","11.4 %","12.0 %",".176","1.05",".213","78.3 %","56","94","105","2.42","3.95","-1.53","4.53","4.20","10171"
"Jordan Montgomery","Yankees","8.64","2.72","3.17","1.24","22.9 %","7.2 %","15.7 %",".241","1.24",".287","72.4 %","92","87","100","4.05","3.95","0.09","4.37","4.16","16511"
"Mike Leake","Cardinals","6.01","2.14","2.81","0.94","16.1 %","5.7 %","10.4 %",".258","1.24",".289","73.5 %","79","93","92","3.34","3.98","-0.64","3.96","4.22","10130"
"Wade LeBlanc","Pirates","6.95","2.21","3.14","1.11","18.5 %","5.9 %","12.6 %",".247","1.21",".279","69.8 %","106","95","92","4.42","3.98","0.44","3.94","3.93","5221"
"Rich Hill","Dodgers","10.63","3.69","2.88","1.19","28.3 %","9.8 %","18.5 %",".213","1.19",".276","80.6 %","85","94","97","3.47","3.98","-0.51","4.19","3.88","4806"
"David Price","Red Sox","8.59","3.00","2.86","1.09","22.1 %","7.7 %","14.4 %",".239","1.27",".287","75.5 %","83","92","102","3.82","3.99","-0.17","4.43","4.29","3184"
"George Kontos","Giants","9.58","2.96","3.24","1.39","24.7 %","7.6 %","17.0 %",".252","1.34",".308","77.9 %","94","98","82","3.83","4.01","-0.18","3.55","3.49","9486"
"Matt Garza","Brewers","6.14","2.76","2.22","0.92","16.4 %","7.4 %","9.0 %",".245","1.25",".274","71.9 %","83","90","110","3.68","4.03","-0.34","4.76","4.92","3340"
"Jose Quintana","- - -","9.82","3.23","3.04","1.33","26.0 %","8.5 %","17.4 %",".237","1.26",".293","71.5 %","101","91","90","4.42","4.03","0.39","3.90","3.93","11423"
"Jaime Garcia","- - -","6.95","3.47","2.00","0.87","18.3 %","9.1 %","9.1 %",".254","1.36",".296","67.2 %","104","96","98","4.49","4.03","0.46","4.21","4.53","8137"
"Paul Blackburn","Athletics","3.40","2.20","1.55","0.60","9.7 %","6.3 %","3.4 %",".226","1.07",".236","78.1 %","62","95","112","2.60","4.05","-1.45","4.88","5.26","14739"
"Gio Gonzalez","Nationals","8.35","3.67","2.28","1.01","22.8 %","10.0 %","12.8 %",".203","1.15",".241","85.1 %","61","95","100","2.66","4.05","-1.40","4.30","4.45","7448"
"Michael Lorenzen","Reds","8.37","3.79","2.21","0.95","21.3 %","9.6 %","11.7 %",".239","1.35",".288","74.0 %","94","92","92","4.11","4.07","0.04","3.98","3.89","14843"
"Danny Barnes","Blue Jays","9.47","2.82","3.36","1.41","26.4 %","7.9 %","18.5 %",".196","1.03",".229","83.3 %","73","92","104","3.22","4.08","-0.86","4.55","3.69","11388"
"Jeff Hoffman","Rockies","7.53","3.23","2.33","0.96","19.3 %","8.3 %","11.0 %",".260","1.38",".307","64.1 %","106","88","114","5.38","4.08","1.29","4.92","4.70","17432"
"Jason Vargas","Royals","6.62","2.45","2.71","1.08","17.9 %","6.6 %","11.3 %",".251","1.23",".282","83.0 %","69","95","110","3.10","4.09","-1.00","4.81","4.72","8044"
"Jake Arrieta","Cubs","8.74","2.96","2.95","1.20","23.2 %","7.9 %","15.3 %",".229","1.20",".273","68.5 %","90","95","93","3.88","4.10","-0.23","4.01","4.08","4153"
"Richard Bleier","Orioles","4.02","2.01","2.00","0.67","10.4 %","5.2 %","5.2 %",".248","1.21",".264","81.6 %","35","91","101","1.56","4.11","-2.54","4.42","3.85","7803"
"Dustin McGowan","Marlins","6.83","3.02","2.26","0.95","18.5 %","8.2 %","10.3 %",".217","1.15",".245","80.2 %","75","99","104","3.18","4.11","-0.93","4.46","4.25","8600"
"Enny Romero","Nationals","10.84","3.80","2.85","1.33","27.0 %","9.5 %","17.5 %",".261","1.46",".339","77.2 %","92","96","97","3.99","4.11","-0.12","4.18","3.59","4001"
"Alex Meyer","Angels","10.02","5.61","1.79","0.80","25.7 %","14.4 %","11.3 %",".195","1.34",".255","74.8 %","90","97","100","3.74","4.12","-0.38","4.36","4.70","12833"
"Justin Verlander","Tigers","8.93","3.94","2.27","1.12","22.7 %","10.0 %","12.7 %",".248","1.41",".303","74.8 %","96","94","107","4.20","4.13","0.08","4.69","4.57","8700"
"Trevor Cahill","- - -","9.95","3.62","2.75","1.29","25.3 %","9.2 %","16.1 %",".263","1.44",".332","75.3 %","98","97","84","4.13","4.13","0.00","3.62","3.85","6249"
"Dan Straily","Marlins","8.23","2.51","3.28","1.33","22.1 %","6.8 %","15.4 %",".237","1.19",".275","76.7 %","89","100","107","3.77","4.16","-0.39","4.62","4.31","9460"
"Eduardo Rodriguez","Red Sox","9.81","3.53","2.78","1.32","25.8 %","9.3 %","16.5 %",".232","1.27",".287","76.5 %","89","96","98","4.08","4.16","-0.08","4.29","4.10","13164"
"Mike Montgomery","Cubs","7.51","4.27","1.76","0.73","19.6 %","11.2 %","8.5 %",".228","1.32",".274","74.4 %","85","96","100","3.65","4.16","-0.51","4.32","4.42","4869"
"Seung Hwan Oh","Cardinals","8.82","2.20","4.00","1.47","22.3 %","5.6 %","16.7 %",".269","1.35",".317","79.2 %","82","97","108","3.49","4.16","-0.67","4.65","3.82","18719"
"Matt Belisle","Twins","7.38","4.01","1.84","0.84","19.1 %","10.4 %","8.7 %",".235","1.34",".276","61.8 %","105","95","109","4.64","4.19","0.45","4.77","4.56","1837"
"Tanner Roark","Nationals","7.78","3.38","2.30","1.08","19.9 %","8.7 %","11.3 %",".259","1.39",".304","64.3 %","111","98","101","4.82","4.20","0.63","4.34","4.51","8753"
"Santiago Casilla","Athletics","8.41","3.54","2.38","1.11","21.2 %","8.9 %","12.3 %",".248","1.38",".297","74.5 %","100","98","106","4.20","4.20","0.01","4.61","4.17","2873"
"Gerrit Cole","Pirates","8.05","2.26","3.57","1.42","21.2 %","5.9 %","15.3 %",".258","1.27",".297","77.8 %","96","101","91","4.00","4.21","-0.22","3.93","4.08","13125"
"Jason Hammel","Royals","6.88","2.65","2.59","1.07","17.4 %","6.7 %","10.7 %",".268","1.38",".305","70.4 %","106","98","116","4.73","4.21","0.51","5.05","4.79","4538"
"Mike Clevinger","Indians","9.82","4.79","2.05","1.10","26.1 %","12.8 %","13.4 %",".215","1.31",".273","77.3 %","83","96","100","3.68","4.23","-0.55","4.36","4.48","12808"
"Dinelson Lamet","Padres","11.37","3.55","3.20","1.56","29.5 %","9.2 %","20.3 %",".211","1.20",".265","60.4 %","124","100","92","5.12","4.25","0.87","3.95","3.67","17186"
"Jhoulys Chacin","Padres","7.41","3.21","2.31","1.07","19.7 %","8.5 %","11.2 %",".238","1.26",".276","74.3 %","96","100","98","3.99","4.25","-0.26","4.24","4.43","2608"
"Josh Tomlin","Indians","7.02","0.98","7.17","1.55","18.6 %","2.6 %","16.0 %",".294","1.30",".328","65.6 %","122","97","93","5.38","4.25","1.13","4.06","4.15","9388"
"Aaron Loup","Blue Jays","9.22","4.61","2.00","0.88","22.0 %","11.0 %","11.0 %",".261","1.56",".328","69.4 %","109","96","100","4.83","4.26","0.57","4.38","4.09","10343"
"Luis Perdomo","Padres","6.90","3.36","2.05","0.95","17.4 %","8.5 %","8.9 %",".295","1.54",".344","66.6 %","119","100","94","4.92","4.27","0.65","4.04","4.19","14682"
"Daniel Norris","Tigers","8.36","4.13","2.03","1.06","20.3 %","10.0 %","10.3 %",".296","1.67",".359","69.5 %","120","97","112","5.29","4.29","1.00","4.90","4.80","13475"
"Kyle Hendricks","Cubs","7.38","2.65","2.78","1.27","19.8 %","7.1 %","12.7 %",".242","1.22",".274","77.2 %","89","100","92","3.81","4.29","-0.49","3.96","4.26","12049"
"Alex Cobb","Rays","5.88","2.27","2.59","1.10","15.8 %","6.1 %","9.7 %",".252","1.22",".276","73.8 %","90","101","103","3.80","4.30","-0.51","4.48","4.70","6562"
"Ivan Nova","Pirates","5.61","1.20","4.68","1.32","15.3 %","3.3 %","12.0 %",".269","1.18",".288","76.8 %","88","103","94","3.66","4.31","-0.65","4.03","4.36","1994"
"Jerad Eickhoff","Phillies","8.17","3.78","2.16","1.12","20.3 %","9.4 %","10.9 %",".260","1.46",".309","70.6 %","107","98","113","4.56","4.31","0.24","4.86","4.72","12664"
"Rick Porcello","Red Sox","8.16","1.73","4.71","1.61","20.8 %","4.4 %","16.4 %",".289","1.39",".333","69.8 %","103","100","98","4.70","4.33","0.37","4.30","4.11","2717"
"Edinson Volquez","Marlins","7.90","5.17","1.53","0.78","20.4 %","13.4 %","7.1 %",".229","1.42",".278","71.7 %","99","104","111","4.19","4.33","-0.14","4.76","5.16","3990"
"Erasmo Ramirez","- - -","7.43","1.98","3.75","1.49","20.1 %","5.4 %","14.8 %",".253","1.20",".282","64.6 %","114","102","92","4.83","4.34","0.49","4.02","3.96","10314"
"Matt Boyd","Tigers","6.72","3.65","1.84","1.03","16.6 %","9.0 %","7.6 %",".303","1.65",".349","70.1 %","122","99","116","5.35","4.38","0.97","5.08","5.11","15440"
"Cole Hamels","Rangers","5.59","2.53","2.21","0.95","15.5 %","7.0 %","8.5 %",".217","1.07",".235","70.6 %","79","99","106","3.59","4.39","-0.81","4.65","4.73","4972"
"CC Sabathia","Yankees","6.98","3.35","2.08","1.09","18.4 %","8.8 %","9.6 %",".238","1.28",".270","75.3 %","87","97","101","3.81","4.40","-0.59","4.40","4.64","404"
"J.A. Happ","Blue Jays","8.47","2.54","3.33","1.59","21.6 %","6.5 %","15.1 %",".251","1.31",".287","77.8 %","88","100","91","3.92","4.40","-0.48","3.96","4.09","7410"
"Andrew Cashner","Rangers","4.63","3.62","1.28","0.67","12.3 %","9.6 %","2.7 %",".252","1.35",".275","76.0 %","74","99","119","3.36","4.40","-1.04","5.19","5.49","8782"
"Fernando Salas","Mets","9.40","4.00","2.35","1.40","22.0 %","9.4 %","12.6 %",".309","1.78",".379","64.1 %","146","102","103","6.00","4.41","1.59","4.44","4.09","4971"
"Luis Castillo","Reds","9.11","3.81","2.39","1.33","24.8 %","10.4 %","14.4 %",".213","1.20",".254","78.9 %","83","99","90","3.64","4.41","-0.77","3.87","4.04","15689"
"Rafael Montero","Mets","9.10","4.62","1.97","1.16","21.7 %","11.0 %","10.7 %",".305","1.76",".378","69.4 %","140","102","108","5.78","4.42","1.35","4.66","4.58","12760"
"Ryan Buchter","- - -","10.80","4.32","2.50","1.51","28.6 %","11.4 %","17.1 %",".195","1.20",".237","82.5 %","73","104","105","3.02","4.44","-1.41","4.51","3.76","9456"
"Marco Estrada","Blue Jays","9.40","3.72","2.53","1.47","24.0 %","9.5 %","14.5 %",".255","1.42",".309","71.6 %","116","101","111","5.12","4.44","0.68","4.83","4.45","1118"
"Patrick Corbin","Diamondbacks","8.44","2.71","3.11","1.54","20.7 %","6.7 %","14.1 %",".300","1.57",".353","73.5 %","105","102","92","4.77","4.44","0.32","3.96","4.12","9323"
"Joaquin Benoit","- - -","9.07","3.71","2.44","1.44","24.3 %","9.9 %","14.4 %",".215","1.21",".250","71.8 %","107","102","112","4.53","4.45","0.09","4.84","4.11","1437"
"Andrew Triggs","Athletics","6.89","2.62","2.63","1.24","17.7 %","6.7 %","11.0 %",".262","1.33",".294","62.5 %","102","104","103","4.27","4.46","-0.19","4.51","4.51","13533"
"Drew Storen","Reds","7.77","3.27","2.38","1.02","20.3 %","8.6 %","11.8 %",".232","1.23",".273","81.5 %","70","100","102","3.07","4.46","-1.39","4.39","3.97","6983"
"Clayton Richard","Padres","6.41","2.63","2.44","1.22","16.2 %","6.6 %","9.5 %",".322","1.61",".364","70.2 %","130","105","91","5.40","4.46","0.94","3.93","4.21","3551"
"Dan Otero","Indians","5.40","1.94","2.78","1.30","14.0 %","5.0 %","8.9 %",".282","1.37",".302","76.1 %","78","102","78","3.46","4.46","-1.00","3.40","3.40","7385"
"Nathan Karns","Royals","10.13","2.58","3.92","1.79","27.1 %","6.9 %","20.2 %",".237","1.19",".283","80.7 %","93","103","84","4.17","4.46","-0.29","3.69","3.56","12638"
"Kelvin Herrera","Royals","9.00","2.72","3.31","1.67","23.6 %","7.1 %","16.5 %",".243","1.26",".280","72.4 %","94","104","89","4.19","4.47","-0.28","3.91","3.62","6033"
"Travis Wood","- - -","7.01","3.93","1.78","1.03","17.1 %","9.6 %","7.5 %",".298","1.65",".345","62.0 %","147","104","123","6.49","4.49","2.01","5.33","4.95","9884"
"Taylor Rogers","Twins","7.62","2.83","2.69","1.31","19.9 %","7.4 %","12.5 %",".250","1.28",".286","77.7 %","88","102","97","3.92","4.49","-0.58","4.24","4.00","13449"
"Mike Foltynewicz","Braves","8.55","3.12","2.74","1.41","21.7 %","7.9 %","13.8 %",".259","1.38",".305","79.4 %","92","107","103","3.94","4.50","-0.55","4.45","4.37","10811"
"Masahiro Tanaka","Yankees","9.65","1.94","4.96","1.87","25.2 %","5.1 %","20.2 %",".264","1.26",".311","72.1 %","112","100","80","4.93","4.51","0.42","3.49","3.51","15764"
"Scott Feldman","Reds","7.47","2.95","2.53","1.30","19.8 %","7.8 %","12.0 %",".258","1.31",".296","73.6 %","99","102","95","4.34","4.52","-0.18","4.09","4.44","6283"
"Sean Newcomb","Braves","9.40","5.47","1.72","1.03","23.1 %","13.5 %","9.7 %",".241","1.54",".303","74.1 %","107","108","111","4.61","4.53","0.09","4.80","4.92","16943"
"Tony Watson","- - -","6.84","2.59","2.64","1.29","17.1 %","6.5 %","10.7 %",".291","1.48",".329","84.4 %","84","108","103","3.51","4.54","-1.02","4.46","4.27","3132"
"Zach Davies","Brewers","6.03","2.81","2.15","1.16","15.6 %","7.3 %","8.4 %",".268","1.36",".295","75.2 %","94","102","106","4.18","4.58","-0.40","4.57","4.78","13183"
"Hyun-Jin Ryu","Dodgers","8.61","2.76","3.12","1.59","22.6 %","7.2 %","15.3 %",".274","1.37",".322","79.8 %","94","108","90","3.83","4.59","-0.77","3.86","4.03","14444"
"JC Ramirez","Angels","6.87","2.92","2.36","1.32","18.2 %","7.7 %","10.5 %",".260","1.32",".291","76.3 %","97","109","100","4.03","4.61","-0.58","4.36","4.53","8302"
"Kevin Gausman","Orioles","8.46","3.74","2.26","1.41","20.9 %","9.3 %","11.7 %",".298","1.62",".355","74.2 %","115","103","101","5.15","4.61","0.53","4.41","4.55","14107"
"Ben Lively","Phillies","3.59","2.74","1.31","0.84","9.4 %","7.2 %","2.2 %",".277","1.38",".290","72.2 %","89","105","139","3.80","4.62","-0.82","5.98","5.90","14932"
"Eddie Butler","Cubs","4.94","4.61","1.07","0.66","12.7 %","11.8 %","0.8 %",".242","1.43",".266","75.3 %","92","108","129","3.95","4.64","-0.69","5.57","5.89","13453"
"Dan Jennings","- - -","7.54","4.17","1.81","1.19","19.6 %","10.8 %","8.8 %",".221","1.30",".250","75.6 %","81","104","90","3.57","4.64","-1.07","3.94","4.08","8073"
"Michael Pineda","Yankees","8.60","1.96","4.38","1.87","22.4 %","5.1 %","17.3 %",".266","1.29",".302","72.5 %","100","103","82","4.39","4.64","-0.25","3.59","3.74","5372"
"Matt Andriese","Rays","8.11","3.10","2.62","1.48","21.1 %","8.1 %","13.0 %",".249","1.31",".285","81.2 %","84","109","98","3.54","4.65","-1.11","4.29","4.36","12022"
"Tyler Clippard","- - -","10.31","4.95","2.08","1.44","26.2 %","12.6 %","13.6 %",".199","1.31",".239","72.6 %","103","103","116","4.53","4.65","-0.12","5.05","4.24","5640"
"Seth Lugo","Mets","6.25","2.27","2.75","1.42","16.2 %","5.9 %","10.3 %",".273","1.34",".296","71.2 %","111","108","107","4.55","4.66","-0.11","4.62","4.74","12447"
"Joe Musgrove","Astros","7.97","2.48","3.21","1.66","20.4 %","6.4 %","14.1 %",".288","1.44",".329","68.8 %","131","107","95","5.59","4.66","0.93","4.17","4.23","12970"
"Johnny Cueto","Giants","8.01","3.19","2.51","1.48","20.4 %","8.1 %","12.3 %",".263","1.40",".302","74.6 %","113","114","103","4.59","4.66","-0.07","4.42","4.52","6893"
"Matt Moore","Giants","7.63","3.60","2.12","1.39","18.5 %","8.7 %","9.8 %",".288","1.60",".331","65.0 %","142","116","120","5.80","4.73","1.07","5.15","4.89","1890"
"Kendall Graveman","Athletics","5.88","2.76","2.13","1.29","15.3 %","7.2 %","8.1 %",".281","1.41",".307","71.9 %","118","111","107","4.96","4.73","0.23","4.65","4.82","15514"
"Francisco Liriano","- - -","8.07","4.84","1.67","1.18","19.6 %","11.8 %","7.9 %",".278","1.65",".329","64.2 %","136","107","116","6.02","4.74","1.28","5.05","5.07","3201"
"Craig Stammen","Padres","8.48","2.83","3.00","1.73","22.7 %","7.6 %","15.1 %",".233","1.20",".260","82.4 %","91","111","90","3.77","4.74","-0.98","3.86","3.65","7274"
"Jhan Marinez","- - -","7.11","4.09","1.74","1.07","17.5 %","10.0 %","7.4 %",".284","1.58",".329","79.6 %","91","111","111","3.91","4.76","-0.85","4.76","4.50","5830"
"Kyle Freeland","Rockies","5.70","3.25","1.75","1.11","14.6 %","8.4 %","6.3 %",".263","1.39",".287","78.9 %","73","102","110","3.70","4.76","-1.06","4.72","4.84","16256"
"Adam Conley","Marlins","6.59","3.46","1.90","1.15","16.6 %","8.7 %","7.9 %",".251","1.37",".280","64.1 %","120","114","125","5.10","4.77","0.34","5.38","5.09","14457"
"Jorge de la Rosa","Diamondbacks","7.43","3.83","1.94","1.35","19.3 %","9.9 %","9.4 %",".235","1.33",".263","76.8 %","94","110","111","4.28","4.79","-0.51","4.79","4.49","2047"
"Martin Perez","Rangers","5.85","3.38","1.73","1.23","14.5 %","8.4 %","6.1 %",".316","1.67",".350","68.7 %","120","108","109","5.46","4.80","0.66","4.74","5.09","6902"
"Ervin Santana","Twins","7.00","2.97","2.35","1.49","19.2 %","8.2 %","11.0 %",".210","1.11",".223","83.0 %","74","109","110","3.28","4.80","-1.52","4.82","4.71","3200"
"Lance Lynn","Cardinals","7.73","3.32","2.33","1.49","21.1 %","9.1 %","12.0 %",".204","1.12",".221","82.9 %","74","113","107","3.12","4.84","-1.72","4.59","4.56","2520"
"Dylan Bundy","Orioles","6.86","2.83","2.43","1.48","18.6 %","7.7 %","10.9 %",".241","1.22",".262","75.2 %","95","108","118","4.24","4.84","-0.60","5.16","4.88","12917"
"Antonio Senzatela","Rockies","6.62","3.02","2.19","1.43","17.7 %","8.1 %","9.6 %",".246","1.27",".267","69.7 %","94","104","103","4.78","4.84","-0.07","4.44","4.63","15488"
"Adalberto Mejia","Twins","7.64","4.20","1.82","1.29","18.9 %","10.4 %","8.5 %",".268","1.53",".309","77.3 %","97","110","114","4.30","4.85","-0.55","4.96","4.97","13188"
"Daniel Hudson","Pirates","8.79","4.29","2.05","1.50","22.7 %","11.1 %","11.6 %",".256","1.45",".304","74.7 %","103","116","108","4.29","4.85","-0.57","4.63","4.29","7146"
"Carlos Torres","Brewers","7.12","3.98","1.79","1.33","17.6 %","9.8 %","7.8 %",".279","1.56",".315","76.5 %","97","109","115","4.31","4.91","-0.60","4.95","4.65","7624"
"Bartolo Colon","- - -","5.46","2.27","2.41","1.55","13.1 %","5.5 %","7.7 %",".328","1.68",".351","53.5 %","169","117","117","7.32","4.95","2.37","5.08","5.08","375"
"Jose Urena","Marlins","6.31","3.32","1.90","1.25","16.5 %","8.7 %","7.8 %",".225","1.22",".242","76.2 %","90","119","124","3.82","4.95","-1.13","5.35","5.06","11589"
"Yovani Gallardo","Mariners","6.40","3.94","1.62","1.31","16.3 %","10.0 %","6.3 %",".261","1.46",".287","68.5 %","128","116","115","5.35","4.96","0.39","5.02","5.16","8173"
"Parker Bridwell","Angels","5.80","2.44","2.38","1.53","15.9 %","6.7 %","9.2 %",".258","1.24",".272","86.9 %","77","117","112","3.20","4.97","-1.77","4.91","4.93","11502"
"Joe Ross","Nationals","8.31","2.44","3.40","1.95","21.1 %","6.2 %","14.9 %",".291","1.47",".330","75.1 %","116","116","98","5.01","4.97","0.04","4.20","4.25","12972"
"Ian Kennedy","Royals","7.69","3.51","2.19","1.59","20.7 %","9.4 %","11.2 %",".220","1.21",".239","69.6 %","103","115","116","4.60","4.98","-0.38","5.06","4.74","6986"
"R.A. Dickey","Braves","6.25","3.56","1.75","1.28","16.2 %","9.2 %","6.9 %",".251","1.36",".274","75.0 %","94","119","116","4.03","5.01","-0.98","4.98","5.04","1245"
"Zack Wheeler","Mets","8.44","4.17","2.03","1.56","21.0 %","10.4 %","10.6 %",".283","1.59",".332","73.1 %","127","116","101","5.21","5.02","0.20","4.34","4.61","10310"
"Blake Snell","Rays","7.96","5.10","1.56","1.37","19.8 %","12.7 %","7.1 %",".259","1.58",".300","69.0 %","118","119","117","4.98","5.05","-0.07","5.08","5.20","13543"
"Steven Matz","Mets","6.19","2.24","2.77","1.72","15.6 %","5.6 %","10.0 %",".304","1.51",".327","72.7 %","134","117","105","5.50","5.05","0.45","4.50","4.68","13361"
"Robert Gsellman","Mets","6.75","3.08","2.19","1.54","16.1 %","7.3 %","8.7 %",".299","1.62",".331","61.9 %","150","118","105","6.16","5.09","1.07","4.52","4.58","13696"
"Matt Cain","Giants","5.11","3.75","1.36","1.28","12.5 %","9.2 %","3.3 %",".307","1.68",".329","68.8 %","131","125","124","5.37","5.10","0.27","5.32","5.59","4732"
"Mark Leiter","Phillies","8.27","4.14","2.00","1.52","21.2 %","10.6 %","10.6 %",".217","1.28",".241","73.6 %","102","116","105","4.35","5.10","-0.74","4.53","4.38","15551"
"Daniel Gossett","Athletics","6.33","2.17","2.92","1.83","16.0 %","5.5 %","10.6 %",".277","1.39",".291","67.1 %","123","119","100","5.17","5.10","0.06","4.36","4.62","16164"
"Matt Shoemaker","Angels","8.00","3.24","2.46","1.74","21.2 %","8.6 %","12.6 %",".248","1.30",".276","76.2 %","109","121","114","4.52","5.11","-0.59","4.96","4.57","4776"
"Nick Pivetta","Phillies","9.00","3.75","2.40","1.82","23.1 %","9.6 %","13.5 %",".262","1.43",".304","66.5 %","138","116","107","5.89","5.13","0.76","4.59","4.42","15454"
"Anibal Sanchez","Tigers","8.01","2.58","3.11","1.90","19.7 %","6.4 %","13.4 %",".290","1.49",".325","64.8 %","133","117","109","5.83","5.14","0.69","4.76","4.35","3284"
"Mike Fiers","Astros","8.85","3.36","2.64","1.83","23.0 %","8.7 %","14.3 %",".244","1.31",".277","82.7 %","93","119","99","3.97","5.17","-1.20","4.34","4.27","7754"
"Jharel Cotton","Athletics","7.80","4.01","1.95","1.58","19.6 %","10.1 %","9.5 %",".262","1.48",".296","63.3 %","131","121","122","5.48","5.17","0.32","5.32","4.96","13654"
"Miguel Gonzalez","White Sox","5.15","3.34","1.54","1.35","12.7 %","8.2 %","4.5 %",".287","1.55",".304","67.9 %","117","116","130","5.15","5.19","-0.04","5.69","5.56","7024"
"Felix Hernandez","Mariners","8.43","2.57","3.29","1.95","21.7 %","6.6 %","15.1 %",".271","1.36",".306","81.3 %","102","121","92","4.28","5.19","-0.91","4.01","4.10","4772"
"Tyler Chatwood","Rockies","7.19","5.03","1.43","1.36","18.7 %","13.1 %","5.6 %",".245","1.46",".274","69.8 %","101","113","102","5.11","5.23","-0.12","4.39","4.98","4338"
"Ricky Nolasco","Angels","7.27","2.52","2.89","1.94","18.9 %","6.5 %","12.3 %",".280","1.39",".304","77.6 %","118","124","105","4.90","5.24","-0.35","4.57","4.53","3830"
"Alec Asher","Orioles","6.83","3.42","2.00","1.46","17.3 %","8.6 %","8.6 %",".260","1.39",".287","68.6 %","124","117","123","5.53","5.25","0.28","5.39","4.84","13560"
"Wade Miley","Orioles","7.95","5.20","1.53","1.42","19.0 %","12.4 %","6.6 %",".289","1.74",".336","72.0 %","124","117","106","5.51","5.26","0.25","4.64","5.03","8779"
"Jordan Zimmermann","Tigers","6.26","2.56","2.44","1.73","15.9 %","6.5 %","9.4 %",".294","1.47",".316","72.1 %","122","119","119","5.35","5.26","0.09","5.18","5.02","4505"
"Ariel Miranda","Mariners","7.32","2.84","2.58","1.92","19.9 %","7.7 %","12.2 %",".223","1.15",".229","76.2 %","105","123","118","4.41","5.28","-0.87","5.16","4.77","17526"
"Wily Peralta","Brewers","8.16","5.02","1.63","1.57","19.3 %","11.9 %","7.4 %",".309","1.83",".362","59.8 %","177","119","115","7.85","5.32","2.53","4.94","4.98","7738"
"Vince Velasquez","Phillies","8.49","4.18","2.03","1.77","21.8 %","10.7 %","11.0 %",".261","1.46",".298","75.5 %","113","121","105","4.82","5.34","-0.52","4.53","4.66","11189"
"Warwick Saupold","Tigers","4.95","2.93","1.69","1.35","13.4 %","7.9 %","5.5 %",".240","1.20",".246","83.0 %","77","121","125","3.38","5.34","-1.96","5.43","4.96","13211"
"Jeremy Hellickson","- - -","5.13","2.34","2.19","1.66","13.6 %","6.2 %","7.4 %",".252","1.23",".253","74.7 %","104","121","125","4.45","5.35","-0.90","5.40","5.29","4371"
"Ian Krol","Braves","8.19","4.20","1.95","1.77","20.4 %","10.5 %","9.9 %",".267","1.52",".302","61.8 %","134","128","111","5.75","5.35","0.40","4.76","4.46","10066"
"Jose Torres","Padres","8.64","2.34","3.69","2.16","22.8 %","6.2 %","16.6 %",".247","1.22",".269","72.6 %","122","126","106","5.04","5.36","-0.32","4.59","3.78","14957"
"Neftali Feliz","- - -","6.49","3.77","1.72","1.67","17.5 %","10.2 %","7.3 %",".226","1.26",".233","63.1 %","108","121","123","4.81","5.37","-0.56","5.31","4.91","18"
"Phil Hughes","Twins","6.37","2.18","2.92","2.01","15.6 %","5.3 %","10.3 %",".313","1.58",".333","69.4 %","132","123","123","5.87","5.41","0.46","5.39","5.01","7450"
"Tyler Anderson","Rockies","8.95","3.27","2.74","2.13","22.4 %","8.2 %","14.2 %",".293","1.55",".337","69.6 %","120","117","93","6.11","5.41","0.70","4.02","4.23","12880"
"Jesse Chavez","Angels","6.96","3.09","2.25","1.93","18.0 %","8.0 %","10.0 %",".276","1.43",".295","72.9 %","130","129","109","5.42","5.47","-0.05","4.77","4.80","5448"
"Kyle Gibson","Twins","5.94","4.23","1.40","1.53","14.5 %","10.3 %","4.2 %",".305","1.71",".330","68.4 %","136","125","111","6.03","5.50","0.53","4.85","5.19","10123"
"Justin Grimm","Cubs","9.45","4.50","2.10","2.03","25.5 %","12.1 %","13.3 %",".215","1.28",".237","73.6 %","121","128","103","5.18","5.54","-0.36","4.44","4.11","11720"
"John Lackey","Cubs","7.67","2.78","2.76","2.03","19.5 %","7.1 %","12.4 %",".257","1.33",".275","76.4 %","112","129","108","4.81","5.57","-0.76","4.67","4.49","1507"
"Ubaldo Jimenez","Orioles","8.01","4.09","1.96","1.96","20.0 %","10.2 %","9.8 %",".269","1.52",".297","65.0 %","147","125","109","6.56","5.61","0.95","4.76","4.75","3374"
"Julio Teheran","Braves","6.82","3.38","2.02","1.94","17.4 %","8.6 %","8.8 %",".257","1.39",".269","71.7 %","119","136","118","5.10","5.69","-0.59","5.09","4.98","6797"
"Tim Adleman","Reds","8.08","3.70","2.19","2.06","20.8 %","9.5 %","11.3 %",".261","1.41",".284","72.0 %","124","128","118","5.42","5.70","-0.28","5.06","4.74","10968"
"Mike Pelfrey","White Sox","5.74","4.43","1.30","1.51","14.5 %","11.2 %","3.3 %",".256","1.48",".268","70.9 %","114","128","126","5.04","5.73","-0.69","5.51","5.52","5203"
"Jake Odorizzi","Rays","7.80","3.33","2.34","2.19","20.4 %","8.7 %","11.7 %",".233","1.27",".238","74.6 %","106","135","113","4.47","5.74","-1.27","4.94","4.75","6397"
"Jeremy Jeffress","- - -","6.53","4.35","1.50","1.74","16.0 %","10.7 %","5.4 %",".303","1.69",".331","77.3 %","115","131","107","5.23","5.80","-0.58","4.66","4.61","9490"
"A.J. Griffin","Rangers","7.80","2.60","3.00","2.40","20.9 %","7.0 %","13.9 %",".231","1.18",".230","72.6 %","114","131","124","5.20","5.81","-0.61","5.42","4.78","11132"
"Jordan Lyles","Rockies","6.36","2.31","2.75","2.12","15.6 %","5.7 %","10.0 %",".313","1.56",".331","64.9 %","137","125","105","6.94","5.82","1.12","4.51","4.13","7593"
"Tyler Glasnow","Pirates","8.28","4.80","1.72","1.99","18.9 %","10.9 %","7.9 %",".321","1.91",".366","59.4 %","179","140","119","7.45","5.88","1.57","5.14","5.04","14374"
"David Holmberg","White Sox","4.93","4.74","1.04","1.46","12.1 %","11.7 %","0.5 %",".247","1.50",".252","76.0 %","83","132","143","3.65","5.92","-2.27","6.22","5.90","7725"
"Nick Martinez","Rangers","4.48","2.48","1.81","2.00","11.6 %","6.4 %","5.2 %",".268","1.35",".259","72.7 %","112","134","123","5.07","5.94","-0.87","5.35","5.39","12730"
"Christian Bergman","Mariners","5.83","2.72","2.14","2.14","15.1 %","7.0 %","8.0 %",".290","1.45",".296","74.6 %","130","139","120","5.44","5.97","-0.53","5.22","5.09","10925"
"Hector Santiago","Twins","6.53","3.97","1.65","1.92","16.4 %","10.0 %","6.4 %",".255","1.44",".263","72.9 %","127","137","140","5.63","6.00","-0.37","6.10","5.54","4026"
"Zach Eflin","Phillies","4.79","1.72","2.78","2.11","12.1 %","4.4 %","7.8 %",".302","1.43",".301","68.9 %","144","136","121","6.13","6.01","0.12","5.20","5.07","13774"
"Sam Gaviglio","Mariners","5.78","3.03","1.90","2.17","15.4 %","8.1 %","7.3 %",".267","1.35",".265","75.4 %","110","142","111","4.62","6.09","-1.47","4.84","5.00","12778"
"Derek Holland","White Sox","6.79","4.07","1.67","2.08","16.8 %","10.1 %","6.7 %",".277","1.55",".291","70.7 %","120","138","124","5.27","6.18","-0.90","5.40","5.24","4141"
"Matt Harvey","Mets","6.91","4.48","1.54","2.05","17.4 %","11.3 %","6.1 %",".246","1.45",".252","76.3 %","128","143","117","5.25","6.18","-0.94","5.04","5.22","11713"
"Chris Beck","White Sox","6.40","4.20","1.52","2.00","16.3 %","10.7 %","5.6 %",".267","1.49",".277","80.4 %","109","139","124","4.80","6.21","-1.41","5.41","4.99","13418"
"Mike Bolsinger","Blue Jays","8.49","5.88","1.44","1.96","19.9 %","13.8 %","6.1 %",".289","1.81",".331","70.3 %","143","142","123","6.31","6.26","0.05","5.36","5.13","11137"
"Austin Bibens-Dirkx","Rangers","4.78","2.56","1.87","2.22","12.6 %","6.7 %","5.8 %",".254","1.27",".238","83.0 %","102","143","127","4.61","6.31","-1.70","5.53","5.29","9559"
"Chris Tillman","Orioles","6.89","4.59","1.50","2.16","15.6 %","10.4 %","5.2 %",".349","2.04",".382","63.2 %","182","141","125","8.10","6.35","1.75","5.44","5.40","5279"
"Robert Stephenson","Reds","8.55","6.08","1.41","2.25","20.0 %","14.2 %","5.8 %",".288","1.85",".322","68.3 %","160","147","126","6.98","6.51","0.46","5.44","5.20","13594"
"James Shields","White Sox","7.18","4.45","1.61","2.44","17.2 %","10.7 %","6.6 %",".270","1.60",".275","72.0 %","137","150","138","6.03","6.70","-0.67","6.04","5.40","7059"
"Tom Koehler","Marlins","7.11","4.69","1.52","2.43","17.0 %","11.2 %","5.8 %",".298","1.72",".313","63.8 %","187","165","130","7.92","6.89","1.03","5.59","5.38","6570"
"Bronson Arroyo","Reds","5.70","2.41","2.37","2.92","14.0 %","5.9 %","8.1 %",".312","1.59",".305","67.6 %","168","157","134","7.35","6.97","0.38","5.79","5.39","978"
"Junior Guerra","Brewers","7.30","5.69","1.28","2.34","17.9 %","14.0 %","3.9 %",".237","1.54",".235","79.6 %","112","156","137","4.96","6.98","-2.02","5.89","5.71","5702"
"Amir Garrett","Reds","7.56","4.47","1.69","2.93","18.6 %","11.0 %","7.6 %",".266","1.56",".261","64.8 %","169","164","120","7.41","7.29","0.12","5.16","5.12","14375"
"Jered Weaver","Padres","4.89","2.55","1.92","3.40","12.0 %","6.3 %","5.8 %",".291","1.49",".257","58.3 %","180","190","129","7.44","8.10","-0.66","5.54","5.37","4235"
